{"v":"5.5.7","meta":{"g":"LottieFiles AE 0.1.20","a":"","k":"","d":"","tc":""},"fr":25,"ip":0,"op":98,"w":500,"h":500,"nm":"Comp 1","ddd":0,"assets":[],"layers":[{"ddd":0,"ind":1,"ty":4,"nm":"Shape Layer 3","sr":1,"ks":{"o":{"a":0,"k":100,"ix":11},"r":{"a":0,"k":26,"ix":10},"p":{"a":0,"k":[296.5,82.5,0],"ix":2},"a":{"a":0,"k":[36,-168.74,0],"ix":1},"s":{"a":0,"k":[100,101.339,100],"ix":6}},"ao":0,"shapes":[{"ty":"gr","it":[{"ind":0,"ty":"sh","ix":1,"ks":{"a":0,"k":{"i":[[0,0],[0,0]],"o":[[0,0],[0,0]],"v":[[34.82,-167.124],[34.695,-209.963]],"c":false},"ix":2},"nm":"Path 1","mn":"ADBE Vector Shape - Group","hd":false},{"ty":"st","c":{"a":0,"k":[0.11764705882352941,0.23921568627450981,0.34901960784313724,1],"ix":3},"o":{"a":0,"k":100,"ix":4},"w":{"a":0,"k":11,"ix":5},"lc":2,"lj":1,"ml":4,"bm":0,"nm":"Stroke 1","mn":"ADBE Vector Graphic - Stroke","hd":false},{"ty":"tr","p":{"a":0,"k":[0,0],"ix":2},"a":{"a":0,"k":[0,0],"ix":1},"s":{"a":0,"k":[100,100],"ix":3},"r":{"a":0,"k":0,"ix":6},"o":{"a":0,"k":100,"ix":7},"sk":{"a":0,"k":0,"ix":4},"sa":{"a":0,"k":0,"ix":5},"nm":"Transform"}],"nm":"Shape 1","np":3,"cix":2,"bm":0,"ix":1,"mn":"ADBE Vector Group","hd":false},{"ty":"tm","s":{"a":0,"k":0,"ix":1},"e":{"a":1,"k":[{"i":{"x":[0.667],"y":[1]},"o":{"x":[0.333],"y":[0]},"t":19,"s":[0]},{"i":{"x":[0.667],"y":[1]},"o":{"x":[0.333],"y":[0]},"t":25,"s":[100]},{"i":{"x":[0.667],"y":[1]},"o":{"x":[0.333],"y":[0]},"t":90,"s":[100]},{"t":97,"s":[0]}],"ix":2},"o":{"a":0,"k":0,"ix":3},"m":1,"ix":2,"nm":"Trim Paths 1","mn":"ADBE Vector Filter - Trim","hd":false}],"ip":0,"op":98,"st":0,"bm":0},{"ddd":0,"ind":2,"ty":4,"nm":"Shape Layer 2","sr":1,"ks":{"o":{"a":0,"k":100,"ix":11},"r":{"a":0,"k":0,"ix":10},"p":{"a":0,"k":[285.625,97,0],"ix":2},"a":{"a":0,"k":[35.625,-153,0],"ix":1},"s":{"a":1,"k":[{"i":{"x":[0.833,0.833,0.833],"y":[0.833,0.833,0.833]},"o":{"x":[0.167,0.167,0.167],"y":[0.167,0.167,0.167]},"t":18,"s":[0,0,100]},{"i":{"x":[0.833,0.833,0.833],"y":[0.833,0.833,0.833]},"o":{"x":[0.167,0.167,0.167],"y":[0.167,0.167,0.167]},"t":25,"s":[100,100,100]},{"i":{"x":[0.833,0.833,0.833],"y":[0.833,0.833,0.833]},"o":{"x":[0.167,0.167,0.167],"y":[0.167,0.167,0.167]},"t":89,"s":[100,100,100]},{"t":96,"s":[0,0,100]}],"ix":6}},"ao":0,"shapes":[{"ty":"gr","it":[{"d":1,"ty":"el","s":{"a":0,"k":[13,13],"ix":2},"p":{"a":0,"k":[0,0],"ix":3},"nm":"Ellipse Path 1","mn":"ADBE Vector Shape - Ellipse","hd":false},{"ty":"fl","c":{"a":0,"k":[0.11764705882352941,0.23921568627450981,0.34901960784313724,1],"ix":4},"o":{"a":0,"k":100,"ix":5},"r":1,"bm":0,"nm":"Fill 1","mn":"ADBE Vector Graphic - Fill","hd":false},{"ty":"tr","p":{"a":0,"k":[35.5,-152.5],"ix":2},"a":{"a":0,"k":[0,0],"ix":1},"s":{"a":0,"k":[100,100],"ix":3},"r":{"a":0,"k":0,"ix":6},"o":{"a":0,"k":100,"ix":7},"sk":{"a":0,"k":0,"ix":4},"sa":{"a":0,"k":0,"ix":5},"nm":"Transform"}],"nm":"Ellipse 1","np":3,"cix":2,"bm":0,"ix":1,"mn":"ADBE Vector Group","hd":false}],"ip":0,"op":98,"st":0,"bm":0},{"ddd":0,"ind":3,"ty":4,"nm":"? Outlines 2","sr":1,"ks":{"o":{"a":0,"k":100,"ix":11},"r":{"a":0,"k":20,"ix":10},"p":{"a":0,"k":[297,245,0],"ix":2},"a":{"a":0,"k":[0,0,0],"ix":1},"s":{"a":0,"k":[112,112,100],"ix":6}},"ao":0,"shapes":[{"ty":"gr","it":[{"d":1,"ty":"el","s":{"a":0,"k":[17.176,15.658],"ix":2},"p":{"a":0,"k":[0,0],"ix":3},"nm":"Ellipse Path 1","mn":"ADBE Vector Shape - Ellipse","hd":false},{"ty":"fl","c":{"a":0,"k":[0.11764705882352941,0.23921568627450981,0.34901960784313724,1],"ix":4},"o":{"a":0,"k":100,"ix":5},"r":1,"bm":0,"nm":"Fill 1","mn":"ADBE Vector Graphic - Fill","hd":false},{"ty":"tr","p":{"a":0,"k":[-5.322,-9.366],"ix":2},"a":{"a":0,"k":[0,0],"ix":1},"s":{"a":1,"k":[{"i":{"x":[0.833,0.833],"y":[0.833,0.833]},"o":{"x":[0.167,0.167],"y":[0.167,0.167]},"t":19,"s":[0,0]},{"i":{"x":[0.833,0.833],"y":[0.833,0.833]},"o":{"x":[0.167,0.167],"y":[0.167,0.167]},"t":26,"s":[89.373,100]},{"i":{"x":[0.833,0.833],"y":[0.833,0.833]},"o":{"x":[0.167,0.167],"y":[0.167,0.167]},"t":89,"s":[89.373,100]},{"t":96,"s":[0,0]}],"ix":3},"r":{"a":0,"k":0,"ix":6},"o":{"a":0,"k":100,"ix":7},"sk":{"a":0,"k":0,"ix":4},"sa":{"a":0,"k":0,"ix":5},"nm":"Transform"}],"nm":"Ellipse 1","np":3,"cix":2,"bm":0,"ix":1,"mn":"ADBE Vector Group","hd":false},{"ty":"gr","it":[{"ind":0,"ty":"sh","ix":1,"ks":{"a":0,"k":{"i":[[0,0],[1.212,-0.391],[0.926,-0.498],[0.535,-0.356],[0.07,-0.07],[0.749,0.144],[0.784,0],[0.07,0],[0.035,0],[0.07,0],[0.463,-0.677],[0.498,-1.07],[0.535,-1.64],[0.428,-1.64],[0.356,-2.068],[0,-1.14],[0,-0.142],[0,-0.142],[-0.251,-0.391],[-0.428,-0.428],[-0.963,-0.605],[-1.07,-0.356],[-0.465,-0.07],[-0.428,0],[-0.107,0],[-0.072,0],[-0.251,0.072],[-0.144,0.072],[-0.251,0.535],[0,0.714],[0.07,0.428],[0.07,0.428],[0.035,0.251],[0,0.214],[0.035,0.251],[0,0.214],[0,0.107],[0,0.072],[-0.037,0.107],[0,0.072],[-0.214,1.07],[-0.358,1.142],[-1.428,2.14],[-2.498,-0.07],[-0.928,-1.105],[-0.358,-1.354],[-0.037,-0.535],[0,-0.428],[0,-0.07],[0,-0.07],[0.107,-1.033],[0.356,-0.998],[0.214,-0.498],[0.356,-0.57],[0,0],[0.605,-1.461],[0.428,-1.426],[0.284,-1.712],[0,-1.426],[-0.107,-0.642],[-0.214,-0.428],[-0.428,-0.177],[-0.428,-0.07],[-0.072,0],[-0.072,0],[-0.393,0.037],[-0.286,0.072],[-0.144,0.037],[-0.072,0],[-0.179,-0.107],[-0.214,-0.142],[-0.428,-0.107],[-0.428,0],[-0.286,0.072],[-0.286,0.214],[-0.179,0.5],[0,0.5],[0.035,0.286],[0,0.286],[0.035,0.321],[0,0.286],[0,0.214],[-0.072,0.214],[-1.498,2.498],[-1.642,2.284],[-0.286,0.393],[-0.286,0.358],[-1.356,2.605],[0,3.424],[0,0.321],[0.07,0.286],[1.033,1.856],[1.212,1],[1.14,0.321],[0.07,0.072],[0.57,0.286],[0.784,0.286],[1.319,0.321],[1.498,0],[0.035,0],[0.07,0]],"o":[[-1.498,0],[-1.214,0.393],[-0.856,0.428],[-0.535,0.358],[-0.428,-0.142],[-0.749,-0.142],[-0.072,0],[-0.072,0],[-0.037,0],[-0.428,0],[-0.465,0.679],[-0.5,1.214],[-0.535,1.642],[-0.642,2.284],[-0.358,2.07],[0.07,0.144],[0,0.144],[0.07,0.358],[0.249,0.393],[0.642,0.642],[0.963,0.607],[0.428,0.214],[0.463,0.072],[0.142,0],[0.107,0],[0.214,-0.07],[0.249,-0.07],[0.784,-0.356],[0.249,-0.535],[0,-0.428],[-0.072,-0.428],[-0.072,-0.214],[-0.037,-0.249],[0,-0.214],[-0.037,-0.249],[0,-0.07],[0,-0.107],[0,-0.07],[0.035,-0.107],[0.142,-0.926],[0.214,-1.07],[0.712,-2.568],[1.426,-2.14],[1.854,0.072],[0.926,1.107],[0.142,0.572],[0.035,0.535],[0,0.072],[0,0.072],[0,1.284],[-0.107,1.035],[-0.214,0.5],[-0.214,0.5],[0,0],[-0.786,1.214],[-0.607,1.463],[-0.5,1.856],[-0.286,1.712],[0,0.786],[0.107,0.642],[0.214,0.358],[0.428,0.179],[0.07,0],[0.07,0],[0.356,0],[0.391,-0.035],[0.142,-0.07],[0.142,-0.035],[0.07,0],[0.177,0.107],[0.356,0.144],[0.428,0.107],[0.356,0],[0.284,-0.07],[0.498,-0.356],[0.177,-0.498],[0,-0.284],[-0.037,-0.284],[-0.072,-0.284],[-0.037,-0.321],[0,-0.214],[0,-0.214],[0.642,-3.21],[1.498,-2.496],[0.284,-0.356],[0.284,-0.391],[1.782,-2.424],[1.354,-2.603],[0,-0.356],[0,-0.321],[-0.286,-2.996],[-1.035,-1.854],[-1.284,-1.14],[-1.142,-0.321],[-0.144,-0.07],[-0.572,-0.284],[-1,-0.356],[-1.321,-0.321],[-0.072,0],[-0.037,0],[0,0]],"v":[[-2.514,-83.139],[-6.58,-82.551],[-9.79,-81.213],[-11.876,-80.036],[-12.786,-79.394],[-14.551,-79.822],[-16.852,-80.036],[-17.066,-80.036],[-17.226,-80.036],[-17.387,-80.036],[-18.724,-79.02],[-20.169,-76.398],[-21.72,-72.118],[-23.165,-67.196],[-24.663,-60.669],[-25.198,-55.854],[-25.091,-55.426],[-25.091,-54.998],[-24.609,-53.875],[-23.593,-52.644],[-21.185,-50.771],[-18.136,-49.327],[-16.798,-48.899],[-15.461,-48.792],[-15.086,-48.792],[-14.819,-48.792],[-14.123,-49.006],[-13.535,-49.22],[-11.983,-50.558],[-11.609,-52.43],[-11.716,-53.714],[-11.93,-54.998],[-12.09,-55.693],[-12.144,-56.389],[-12.197,-57.085],[-12.251,-57.78],[-12.251,-58.048],[-12.251,-58.315],[-12.197,-58.583],[-12.144,-58.85],[-11.609,-61.846],[-10.753,-65.163],[-7.543,-72.225],[-1.658,-75.328],[2.515,-73.563],[4.441,-69.871],[4.709,-68.213],[4.762,-66.768],[4.762,-66.554],[4.762,-66.34],[4.602,-62.863],[3.906,-59.813],[3.264,-58.315],[2.408,-56.71],[-4.333,-45.475],[-6.419,-41.463],[-7.971,-37.129],[-9.148,-31.779],[-9.576,-27.071],[-9.415,-24.931],[-8.934,-23.326],[-7.971,-22.523],[-6.687,-22.149],[-6.473,-22.149],[-6.259,-22.149],[-5.135,-22.202],[-4.119,-22.363],[-3.691,-22.523],[-3.37,-22.577],[-2.995,-22.417],[-2.407,-22.042],[-1.23,-21.667],[0.054,-21.507],[1.017,-21.614],[1.873,-22.042],[2.89,-23.326],[3.157,-24.824],[3.104,-25.68],[3.05,-26.536],[2.89,-27.445],[2.836,-28.355],[2.836,-28.997],[2.943,-29.639],[6.153,-38.199],[10.861,-45.368],[11.717,-46.492],[12.573,-47.615],[17.281,-55.159],[19.314,-64.2],[19.314,-65.217],[19.207,-66.126],[17.228,-73.402],[13.857,-77.682],[10.219,-79.876],[8.4,-80.464],[7.33,-80.999],[5.297,-81.855],[1.82,-82.872],[-2.407,-83.353],[-2.567,-83.353],[-2.728,-83.353]],"c":true},"ix":2},"nm":"?","mn":"ADBE Vector Shape - Group","hd":false},{"ty":"mm","mm":1,"nm":"Merge Paths 1","mn":"ADBE Vector Filter - Merge","hd":false},{"ty":"fl","c":{"a":0,"k":[0.11764705882352941,0.23921568627450981,0.34901960784313724,1],"ix":4},"o":{"a":0,"k":100,"ix":5},"r":1,"bm":0,"nm":"Fill 1","mn":"ADBE Vector Graphic - Fill","hd":false},{"ty":"tr","p":{"a":0,"k":[0,0],"ix":2},"a":{"a":0,"k":[0,0],"ix":1},"s":{"a":0,"k":[100,100],"ix":3},"r":{"a":0,"k":0,"ix":6},"o":{"a":1,"k":[{"i":{"x":[0.833],"y":[0.833]},"o":{"x":[0.167],"y":[0.167]},"t":23,"s":[0]},{"i":{"x":[0.833],"y":[0.833]},"o":{"x":[0.167],"y":[0.167]},"t":29,"s":[100]},{"i":{"x":[0.833],"y":[0.833]},"o":{"x":[0.167],"y":[0.167]},"t":90,"s":[100]},{"t":96,"s":[0]}],"ix":7},"sk":{"a":0,"k":0,"ix":4},"sa":{"a":0,"k":0,"ix":5},"nm":"Transform"}],"nm":"?","np":4,"cix":2,"bm":0,"ix":2,"mn":"ADBE Vector Group","hd":false}],"ip":0,"op":98,"st":0,"bm":0},{"ddd":0,"ind":4,"ty":4,"nm":"? Outlines 3","sr":1,"ks":{"o":{"a":0,"k":100,"ix":11},"r":{"a":0,"k":-7,"ix":10},"p":{"a":0,"k":[83,120,0],"ix":2},"a":{"a":0,"k":[0,0,0],"ix":1},"s":{"a":0,"k":[95,95,100],"ix":6}},"ao":0,"shapes":[{"ty":"gr","it":[{"d":1,"ty":"el","s":{"a":0,"k":[17.176,15.658],"ix":2},"p":{"a":0,"k":[0,0],"ix":3},"nm":"Ellipse Path 1","mn":"ADBE Vector Shape - Ellipse","hd":false},{"ty":"fl","c":{"a":0,"k":[0.11764705882352941,0.23921568627450981,0.34901960784313724,1],"ix":4},"o":{"a":0,"k":100,"ix":5},"r":1,"bm":0,"nm":"Fill 1","mn":"ADBE Vector Graphic - Fill","hd":false},{"ty":"tr","p":{"a":0,"k":[-5.322,-9.366],"ix":2},"a":{"a":0,"k":[0,0],"ix":1},"s":{"a":1,"k":[{"i":{"x":[0.833,0.833],"y":[0.833,0.833]},"o":{"x":[0.167,0.167],"y":[0.167,0.167]},"t":12,"s":[0,0]},{"i":{"x":[0.833,0.833],"y":[0.833,0.833]},"o":{"x":[0.167,0.167],"y":[0.167,0.167]},"t":19,"s":[89.373,100]},{"i":{"x":[0.833,0.833],"y":[0.833,0.833]},"o":{"x":[0.167,0.167],"y":[0.167,0.167]},"t":84,"s":[89.373,100]},{"t":91,"s":[0,0]}],"ix":3},"r":{"a":0,"k":0,"ix":6},"o":{"a":0,"k":100,"ix":7},"sk":{"a":0,"k":0,"ix":4},"sa":{"a":0,"k":0,"ix":5},"nm":"Transform"}],"nm":"Ellipse 1","np":3,"cix":2,"bm":0,"ix":1,"mn":"ADBE Vector Group","hd":false},{"ty":"gr","it":[{"ind":0,"ty":"sh","ix":1,"ks":{"a":0,"k":{"i":[[0,0],[1.212,-0.391],[0.926,-0.498],[0.535,-0.356],[0.07,-0.07],[0.749,0.144],[0.784,0],[0.07,0],[0.035,0],[0.07,0],[0.463,-0.677],[0.498,-1.07],[0.535,-1.64],[0.428,-1.64],[0.356,-2.068],[0,-1.14],[0,-0.142],[0,-0.142],[-0.251,-0.391],[-0.428,-0.428],[-0.963,-0.605],[-1.07,-0.356],[-0.465,-0.07],[-0.428,0],[-0.107,0],[-0.072,0],[-0.251,0.072],[-0.144,0.072],[-0.251,0.535],[0,0.714],[0.07,0.428],[0.07,0.428],[0.035,0.251],[0,0.214],[0.035,0.251],[0,0.214],[0,0.107],[0,0.072],[-0.037,0.107],[0,0.072],[-0.214,1.07],[-0.358,1.142],[-1.428,2.14],[-2.498,-0.07],[-0.928,-1.105],[-0.358,-1.354],[-0.037,-0.535],[0,-0.428],[0,-0.07],[0,-0.07],[0.107,-1.033],[0.356,-0.998],[0.214,-0.498],[0.356,-0.57],[0,0],[0.605,-1.461],[0.428,-1.426],[0.284,-1.712],[0,-1.426],[-0.107,-0.642],[-0.214,-0.428],[-0.428,-0.177],[-0.428,-0.07],[-0.072,0],[-0.072,0],[-0.393,0.037],[-0.286,0.072],[-0.144,0.037],[-0.072,0],[-0.179,-0.107],[-0.214,-0.142],[-0.428,-0.107],[-0.428,0],[-0.286,0.072],[-0.286,0.214],[-0.179,0.5],[0,0.5],[0.035,0.286],[0,0.286],[0.035,0.321],[0,0.286],[0,0.214],[-0.072,0.214],[-1.498,2.498],[-1.642,2.284],[-0.286,0.393],[-0.286,0.358],[-1.356,2.605],[0,3.424],[0,0.321],[0.07,0.286],[1.033,1.856],[1.212,1],[1.14,0.321],[0.07,0.072],[0.57,0.286],[0.784,0.286],[1.319,0.321],[1.498,0],[0.035,0],[0.07,0]],"o":[[-1.498,0],[-1.214,0.393],[-0.856,0.428],[-0.535,0.358],[-0.428,-0.142],[-0.749,-0.142],[-0.072,0],[-0.072,0],[-0.037,0],[-0.428,0],[-0.465,0.679],[-0.5,1.214],[-0.535,1.642],[-0.642,2.284],[-0.358,2.07],[0.07,0.144],[0,0.144],[0.07,0.358],[0.249,0.393],[0.642,0.642],[0.963,0.607],[0.428,0.214],[0.463,0.072],[0.142,0],[0.107,0],[0.214,-0.07],[0.249,-0.07],[0.784,-0.356],[0.249,-0.535],[0,-0.428],[-0.072,-0.428],[-0.072,-0.214],[-0.037,-0.249],[0,-0.214],[-0.037,-0.249],[0,-0.07],[0,-0.107],[0,-0.07],[0.035,-0.107],[0.142,-0.926],[0.214,-1.07],[0.712,-2.568],[1.426,-2.14],[1.854,0.072],[0.926,1.107],[0.142,0.572],[0.035,0.535],[0,0.072],[0,0.072],[0,1.284],[-0.107,1.035],[-0.214,0.5],[-0.214,0.5],[0,0],[-0.786,1.214],[-0.607,1.463],[-0.5,1.856],[-0.286,1.712],[0,0.786],[0.107,0.642],[0.214,0.358],[0.428,0.179],[0.07,0],[0.07,0],[0.356,0],[0.391,-0.035],[0.142,-0.07],[0.142,-0.035],[0.07,0],[0.177,0.107],[0.356,0.144],[0.428,0.107],[0.356,0],[0.284,-0.07],[0.498,-0.356],[0.177,-0.498],[0,-0.284],[-0.037,-0.284],[-0.072,-0.284],[-0.037,-0.321],[0,-0.214],[0,-0.214],[0.642,-3.21],[1.498,-2.496],[0.284,-0.356],[0.284,-0.391],[1.782,-2.424],[1.354,-2.603],[0,-0.356],[0,-0.321],[-0.286,-2.996],[-1.035,-1.854],[-1.284,-1.14],[-1.142,-0.321],[-0.144,-0.07],[-0.572,-0.284],[-1,-0.356],[-1.321,-0.321],[-0.072,0],[-0.037,0],[0,0]],"v":[[-2.514,-83.139],[-6.58,-82.551],[-9.79,-81.213],[-11.876,-80.036],[-12.786,-79.394],[-14.551,-79.822],[-16.852,-80.036],[-17.066,-80.036],[-17.226,-80.036],[-17.387,-80.036],[-18.724,-79.02],[-20.169,-76.398],[-21.72,-72.118],[-23.165,-67.196],[-24.663,-60.669],[-25.198,-55.854],[-25.091,-55.426],[-25.091,-54.998],[-24.609,-53.875],[-23.593,-52.644],[-21.185,-50.771],[-18.136,-49.327],[-16.798,-48.899],[-15.461,-48.792],[-15.086,-48.792],[-14.819,-48.792],[-14.123,-49.006],[-13.535,-49.22],[-11.983,-50.558],[-11.609,-52.43],[-11.716,-53.714],[-11.93,-54.998],[-12.09,-55.693],[-12.144,-56.389],[-12.197,-57.085],[-12.251,-57.78],[-12.251,-58.048],[-12.251,-58.315],[-12.197,-58.583],[-12.144,-58.85],[-11.609,-61.846],[-10.753,-65.163],[-7.543,-72.225],[-1.658,-75.328],[2.515,-73.563],[4.441,-69.871],[4.709,-68.213],[4.762,-66.768],[4.762,-66.554],[4.762,-66.34],[4.602,-62.863],[3.906,-59.813],[3.264,-58.315],[2.408,-56.71],[-4.333,-45.475],[-6.419,-41.463],[-7.971,-37.129],[-9.148,-31.779],[-9.576,-27.071],[-9.415,-24.931],[-8.934,-23.326],[-7.971,-22.523],[-6.687,-22.149],[-6.473,-22.149],[-6.259,-22.149],[-5.135,-22.202],[-4.119,-22.363],[-3.691,-22.523],[-3.37,-22.577],[-2.995,-22.417],[-2.407,-22.042],[-1.23,-21.667],[0.054,-21.507],[1.017,-21.614],[1.873,-22.042],[2.89,-23.326],[3.157,-24.824],[3.104,-25.68],[3.05,-26.536],[2.89,-27.445],[2.836,-28.355],[2.836,-28.997],[2.943,-29.639],[6.153,-38.199],[10.861,-45.368],[11.717,-46.492],[12.573,-47.615],[17.281,-55.159],[19.314,-64.2],[19.314,-65.217],[19.207,-66.126],[17.228,-73.402],[13.857,-77.682],[10.219,-79.876],[8.4,-80.464],[7.33,-80.999],[5.297,-81.855],[1.82,-82.872],[-2.407,-83.353],[-2.567,-83.353],[-2.728,-83.353]],"c":true},"ix":2},"nm":"?","mn":"ADBE Vector Shape - Group","hd":false},{"ty":"mm","mm":1,"nm":"Merge Paths 1","mn":"ADBE Vector Filter - Merge","hd":false},{"ty":"fl","c":{"a":0,"k":[0.11764705882352941,0.23921568627450981,0.34901960784313724,1],"ix":4},"o":{"a":0,"k":100,"ix":5},"r":1,"bm":0,"nm":"Fill 1","mn":"ADBE Vector Graphic - Fill","hd":false},{"ty":"tr","p":{"a":0,"k":[0,0],"ix":2},"a":{"a":0,"k":[0,0],"ix":1},"s":{"a":0,"k":[100,100],"ix":3},"r":{"a":0,"k":0,"ix":6},"o":{"a":1,"k":[{"i":{"x":[0.833],"y":[0.833]},"o":{"x":[0.167],"y":[0.167]},"t":16,"s":[0]},{"i":{"x":[0.833],"y":[0.833]},"o":{"x":[0.167],"y":[0.167]},"t":22,"s":[100]},{"i":{"x":[0.833],"y":[0.833]},"o":{"x":[0.167],"y":[0.167]},"t":85,"s":[100]},{"t":91,"s":[0]}],"ix":7},"sk":{"a":0,"k":0,"ix":4},"sa":{"a":0,"k":0,"ix":5},"nm":"Transform"}],"nm":"?","np":4,"cix":2,"bm":0,"ix":2,"mn":"ADBE Vector Group","hd":false}],"ip":10,"op":95,"st":-3,"bm":0},{"ddd":0,"ind":5,"ty":4,"nm":"? Outlines","sr":1,"ks":{"o":{"a":0,"k":100,"ix":11},"r":{"a":0,"k":-7,"ix":10},"p":{"a":0,"k":[432,171,0],"ix":2},"a":{"a":0,"k":[0,0,0],"ix":1},"s":{"a":0,"k":[153,153,100],"ix":6}},"ao":0,"shapes":[{"ty":"gr","it":[{"d":1,"ty":"el","s":{"a":0,"k":[17.176,15.658],"ix":2},"p":{"a":0,"k":[0,0],"ix":3},"nm":"Ellipse Path 1","mn":"ADBE Vector Shape - Ellipse","hd":false},{"ty":"fl","c":{"a":0,"k":[0.11764705882352941,0.23921568627450981,0.34901960784313724,1],"ix":4},"o":{"a":0,"k":100,"ix":5},"r":1,"bm":0,"nm":"Fill 1","mn":"ADBE Vector Graphic - Fill","hd":false},{"ty":"tr","p":{"a":0,"k":[-5.322,-9.366],"ix":2},"a":{"a":0,"k":[0,0],"ix":1},"s":{"a":1,"k":[{"i":{"x":[0.833,0.833],"y":[0.833,0.833]},"o":{"x":[0.167,0.167],"y":[0.167,0.167]},"t":17,"s":[0,0]},{"i":{"x":[0.833,0.833],"y":[0.833,0.833]},"o":{"x":[0.167,0.167],"y":[0.167,0.167]},"t":24,"s":[89.373,100]},{"i":{"x":[0.833,0.833],"y":[0.833,0.833]},"o":{"x":[0.167,0.167],"y":[0.167,0.167]},"t":89,"s":[89.373,100]},{"t":96,"s":[0,0]}],"ix":3},"r":{"a":0,"k":0,"ix":6},"o":{"a":0,"k":100,"ix":7},"sk":{"a":0,"k":0,"ix":4},"sa":{"a":0,"k":0,"ix":5},"nm":"Transform"}],"nm":"Ellipse 1","np":3,"cix":2,"bm":0,"ix":1,"mn":"ADBE Vector Group","hd":false},{"ty":"gr","it":[{"ind":0,"ty":"sh","ix":1,"ks":{"a":0,"k":{"i":[[0,0],[1.212,-0.391],[0.926,-0.498],[0.535,-0.356],[0.07,-0.07],[0.749,0.144],[0.784,0],[0.07,0],[0.035,0],[0.07,0],[0.463,-0.677],[0.498,-1.07],[0.535,-1.64],[0.428,-1.64],[0.356,-2.068],[0,-1.14],[0,-0.142],[0,-0.142],[-0.251,-0.391],[-0.428,-0.428],[-0.963,-0.605],[-1.07,-0.356],[-0.465,-0.07],[-0.428,0],[-0.107,0],[-0.072,0],[-0.251,0.072],[-0.144,0.072],[-0.251,0.535],[0,0.714],[0.07,0.428],[0.07,0.428],[0.035,0.251],[0,0.214],[0.035,0.251],[0,0.214],[0,0.107],[0,0.072],[-0.037,0.107],[0,0.072],[-0.214,1.07],[-0.358,1.142],[-1.428,2.14],[-2.498,-0.07],[-0.928,-1.105],[-0.358,-1.354],[-0.037,-0.535],[0,-0.428],[0,-0.07],[0,-0.07],[0.107,-1.033],[0.356,-0.998],[0.214,-0.498],[0.356,-0.57],[0,0],[0.605,-1.461],[0.428,-1.426],[0.284,-1.712],[0,-1.426],[-0.107,-0.642],[-0.214,-0.428],[-0.428,-0.177],[-0.428,-0.07],[-0.072,0],[-0.072,0],[-0.393,0.037],[-0.286,0.072],[-0.144,0.037],[-0.072,0],[-0.179,-0.107],[-0.214,-0.142],[-0.428,-0.107],[-0.428,0],[-0.286,0.072],[-0.286,0.214],[-0.179,0.5],[0,0.5],[0.035,0.286],[0,0.286],[0.035,0.321],[0,0.286],[0,0.214],[-0.072,0.214],[-1.498,2.498],[-1.642,2.284],[-0.286,0.393],[-0.286,0.358],[-1.356,2.605],[0,3.424],[0,0.321],[0.07,0.286],[1.033,1.856],[1.212,1],[1.14,0.321],[0.07,0.072],[0.57,0.286],[0.784,0.286],[1.319,0.321],[1.498,0],[0.035,0],[0.07,0]],"o":[[-1.498,0],[-1.214,0.393],[-0.856,0.428],[-0.535,0.358],[-0.428,-0.142],[-0.749,-0.142],[-0.072,0],[-0.072,0],[-0.037,0],[-0.428,0],[-0.465,0.679],[-0.5,1.214],[-0.535,1.642],[-0.642,2.284],[-0.358,2.07],[0.07,0.144],[0,0.144],[0.07,0.358],[0.249,0.393],[0.642,0.642],[0.963,0.607],[0.428,0.214],[0.463,0.072],[0.142,0],[0.107,0],[0.214,-0.07],[0.249,-0.07],[0.784,-0.356],[0.249,-0.535],[0,-0.428],[-0.072,-0.428],[-0.072,-0.214],[-0.037,-0.249],[0,-0.214],[-0.037,-0.249],[0,-0.07],[0,-0.107],[0,-0.07],[0.035,-0.107],[0.142,-0.926],[0.214,-1.07],[0.712,-2.568],[1.426,-2.14],[1.854,0.072],[0.926,1.107],[0.142,0.572],[0.035,0.535],[0,0.072],[0,0.072],[0,1.284],[-0.107,1.035],[-0.214,0.5],[-0.214,0.5],[0,0],[-0.786,1.214],[-0.607,1.463],[-0.5,1.856],[-0.286,1.712],[0,0.786],[0.107,0.642],[0.214,0.358],[0.428,0.179],[0.07,0],[0.07,0],[0.356,0],[0.391,-0.035],[0.142,-0.07],[0.142,-0.035],[0.07,0],[0.177,0.107],[0.356,0.144],[0.428,0.107],[0.356,0],[0.284,-0.07],[0.498,-0.356],[0.177,-0.498],[0,-0.284],[-0.037,-0.284],[-0.072,-0.284],[-0.037,-0.321],[0,-0.214],[0,-0.214],[0.642,-3.21],[1.498,-2.496],[0.284,-0.356],[0.284,-0.391],[1.782,-2.424],[1.354,-2.603],[0,-0.356],[0,-0.321],[-0.286,-2.996],[-1.035,-1.854],[-1.284,-1.14],[-1.142,-0.321],[-0.144,-0.07],[-0.572,-0.284],[-1,-0.356],[-1.321,-0.321],[-0.072,0],[-0.037,0],[0,0]],"v":[[-2.514,-83.139],[-6.58,-82.551],[-9.79,-81.213],[-11.876,-80.036],[-12.786,-79.394],[-14.551,-79.822],[-16.852,-80.036],[-17.066,-80.036],[-17.226,-80.036],[-17.387,-80.036],[-18.724,-79.02],[-20.169,-76.398],[-21.72,-72.118],[-23.165,-67.196],[-24.663,-60.669],[-25.198,-55.854],[-25.091,-55.426],[-25.091,-54.998],[-24.609,-53.875],[-23.593,-52.644],[-21.185,-50.771],[-18.136,-49.327],[-16.798,-48.899],[-15.461,-48.792],[-15.086,-48.792],[-14.819,-48.792],[-14.123,-49.006],[-13.535,-49.22],[-11.983,-50.558],[-11.609,-52.43],[-11.716,-53.714],[-11.93,-54.998],[-12.09,-55.693],[-12.144,-56.389],[-12.197,-57.085],[-12.251,-57.78],[-12.251,-58.048],[-12.251,-58.315],[-12.197,-58.583],[-12.144,-58.85],[-11.609,-61.846],[-10.753,-65.163],[-7.543,-72.225],[-1.658,-75.328],[2.515,-73.563],[4.441,-69.871],[4.709,-68.213],[4.762,-66.768],[4.762,-66.554],[4.762,-66.34],[4.602,-62.863],[3.906,-59.813],[3.264,-58.315],[2.408,-56.71],[-4.333,-45.475],[-6.419,-41.463],[-7.971,-37.129],[-9.148,-31.779],[-9.576,-27.071],[-9.415,-24.931],[-8.934,-23.326],[-7.971,-22.523],[-6.687,-22.149],[-6.473,-22.149],[-6.259,-22.149],[-5.135,-22.202],[-4.119,-22.363],[-3.691,-22.523],[-3.37,-22.577],[-2.995,-22.417],[-2.407,-22.042],[-1.23,-21.667],[0.054,-21.507],[1.017,-21.614],[1.873,-22.042],[2.89,-23.326],[3.157,-24.824],[3.104,-25.68],[3.05,-26.536],[2.89,-27.445],[2.836,-28.355],[2.836,-28.997],[2.943,-29.639],[6.153,-38.199],[10.861,-45.368],[11.717,-46.492],[12.573,-47.615],[17.281,-55.159],[19.314,-64.2],[19.314,-65.217],[19.207,-66.126],[17.228,-73.402],[13.857,-77.682],[10.219,-79.876],[8.4,-80.464],[7.33,-80.999],[5.297,-81.855],[1.82,-82.872],[-2.407,-83.353],[-2.567,-83.353],[-2.728,-83.353]],"c":true},"ix":2},"nm":"?","mn":"ADBE Vector Shape - Group","hd":false},{"ty":"mm","mm":1,"nm":"Merge Paths 1","mn":"ADBE Vector Filter - Merge","hd":false},{"ty":"fl","c":{"a":0,"k":[0.11764705882352941,0.23921568627450981,0.34901960784313724,1],"ix":4},"o":{"a":0,"k":100,"ix":5},"r":1,"bm":0,"nm":"Fill 1","mn":"ADBE Vector Graphic - Fill","hd":false},{"ty":"tr","p":{"a":0,"k":[0,0],"ix":2},"a":{"a":0,"k":[0,0],"ix":1},"s":{"a":0,"k":[100,100],"ix":3},"r":{"a":0,"k":0,"ix":6},"o":{"a":1,"k":[{"i":{"x":[0.833],"y":[0.833]},"o":{"x":[0.167],"y":[0.167]},"t":21,"s":[0]},{"i":{"x":[0.833],"y":[0.833]},"o":{"x":[0.167],"y":[0.167]},"t":27,"s":[100]},{"i":{"x":[0.833],"y":[0.833]},"o":{"x":[0.167],"y":[0.167]},"t":90,"s":[100]},{"t":96,"s":[0]}],"ix":7},"sk":{"a":0,"k":0,"ix":4},"sa":{"a":0,"k":0,"ix":5},"nm":"Transform"}],"nm":"?","np":4,"cix":2,"bm":0,"ix":2,"mn":"ADBE Vector Group","hd":false}],"ip":15,"op":100,"st":2,"bm":0},{"ddd":0,"ind":6,"ty":4,"nm":"hand Outlines","sr":1,"ks":{"o":{"a":0,"k":100,"ix":11},"r":{"a":1,"k":[{"i":{"x":[0.667],"y":[1]},"o":{"x":[0.333],"y":[0]},"t":0,"s":[8]},{"i":{"x":[0.667],"y":[1]},"o":{"x":[0.333],"y":[0]},"t":22,"s":[0]},{"i":{"x":[0.667],"y":[1]},"o":{"x":[0.333],"y":[0]},"t":79,"s":[0]},{"t":97,"s":[8]}],"ix":10},"p":{"a":0,"k":[302,508,0],"ix":2},"a":{"a":0,"k":[268.75,318.75,0],"ix":1},"s":{"a":0,"k":[144,144,100],"ix":6}},"ao":0,"shapes":[{"ty":"gr","it":[{"ind":0,"ty":"sh","ix":1,"ks":{"a":0,"k":{"i":[[0,0],[-15.7,-13.565],[0,0],[0,0],[10.28,36.446]],"o":[[0,0],[15.699,13.563],[0,0],[0,0],[-7.898,-28]],"v":[[-12.901,-77.173],[-8.719,44.364],[25.832,44.364],[26.259,50.146],[-18.361,40.727]],"c":true},"ix":2},"nm":"Path 1","mn":"ADBE Vector Shape - Group","hd":false},{"ty":"fl","c":{"a":0,"k":[0.913999968884,0.579999976065,0.435000011968,1],"ix":4},"o":{"a":0,"k":100,"ix":5},"r":1,"bm":0,"nm":"Fill 1","mn":"ADBE Vector Graphic - Fill","hd":false},{"ty":"tr","p":{"a":0,"k":[259.284,266.257],"ix":2},"a":{"a":0,"k":[0,0],"ix":1},"s":{"a":0,"k":[100,100],"ix":3},"r":{"a":0,"k":0,"ix":6},"o":{"a":0,"k":100,"ix":7},"sk":{"a":0,"k":0,"ix":4},"sa":{"a":0,"k":0,"ix":5},"nm":"Transform"}],"nm":"Group 1","np":2,"cix":2,"bm":0,"ix":1,"mn":"ADBE Vector Group","hd":false},{"ty":"gr","it":[{"ind":0,"ty":"sh","ix":1,"ks":{"a":0,"k":{"i":[[0,0],[1.469,-0.03],[0,0],[-0.739,-0.558]],"o":[[-0.31,-0.233],[0,0],[0.791,-0.02],[0,0]],"v":[[1.484,0.677],[-2.069,0.349],[-2.088,-0.651],[2.088,-0.12]],"c":true},"ix":2},"nm":"Path 1","mn":"ADBE Vector Shape - Group","hd":false},{"ty":"fl","c":{"a":0,"k":[0.219999994016,0.226999993418,0.270999983245,1],"ix":4},"o":{"a":0,"k":100,"ix":5},"r":1,"bm":0,"nm":"Fill 1","mn":"ADBE Vector Graphic - Fill","hd":false},{"ty":"tr","p":{"a":0,"k":[232.165,157.016],"ix":2},"a":{"a":0,"k":[0,0],"ix":1},"s":{"a":0,"k":[100,100],"ix":3},"r":{"a":0,"k":0,"ix":6},"o":{"a":0,"k":100,"ix":7},"sk":{"a":0,"k":0,"ix":4},"sa":{"a":0,"k":0,"ix":5},"nm":"Transform"}],"nm":"Group 2","np":2,"cix":2,"bm":0,"ix":2,"mn":"ADBE Vector Group","hd":false},{"ty":"gr","it":[{"ind":0,"ty":"sh","ix":1,"ks":{"a":0,"k":{"i":[[0,0],[0.024,0.004],[0,0],[-1.154,-0.491]],"o":[[-1.043,-0.444],[0,0],[0.104,0.017],[0,0]],"v":[[1.537,0.917],[-1.93,0.068],[-1.768,-0.917],[1.93,-0.002]],"c":true},"ix":2},"nm":"Path 1","mn":"ADBE Vector Shape - Group","hd":false},{"ty":"fl","c":{"a":0,"k":[0.219999994016,0.226999993418,0.270999983245,1],"ix":4},"o":{"a":0,"k":100,"ix":5},"r":1,"bm":0,"nm":"Fill 1","mn":"ADBE Vector Graphic - Fill","hd":false},{"ty":"tr","p":{"a":0,"k":[233.083,155.243],"ix":2},"a":{"a":0,"k":[0,0],"ix":1},"s":{"a":0,"k":[100,100],"ix":3},"r":{"a":0,"k":0,"ix":6},"o":{"a":0,"k":100,"ix":7},"sk":{"a":0,"k":0,"ix":4},"sa":{"a":0,"k":0,"ix":5},"nm":"Transform"}],"nm":"Group 3","np":2,"cix":2,"bm":0,"ix":3,"mn":"ADBE Vector Group","hd":false},{"ty":"gr","it":[{"ind":0,"ty":"sh","ix":1,"ks":{"a":0,"k":{"i":[[0,0],[1.544,0.077],[0,0],[-0.794,-0.641]],"o":[[-0.371,-0.299],[0,0],[0.83,0.04],[0,0]],"v":[[1.592,0.821],[-2.221,0.177],[-2.173,-0.821],[2.221,0.044]],"c":true},"ix":2},"nm":"Path 1","mn":"ADBE Vector Shape - Group","hd":false},{"ty":"fl","c":{"a":0,"k":[0.219999994016,0.226999993418,0.270999983245,1],"ix":4},"o":{"a":0,"k":100,"ix":5},"r":1,"bm":0,"nm":"Fill 1","mn":"ADBE Vector Graphic - Fill","hd":false},{"ty":"tr","p":{"a":0,"k":[224.623,153.192],"ix":2},"a":{"a":0,"k":[0,0],"ix":1},"s":{"a":0,"k":[100,100],"ix":3},"r":{"a":0,"k":0,"ix":6},"o":{"a":0,"k":100,"ix":7},"sk":{"a":0,"k":0,"ix":4},"sa":{"a":0,"k":0,"ix":5},"nm":"Transform"}],"nm":"Group 4","np":2,"cix":2,"bm":0,"ix":4,"mn":"ADBE Vector Group","hd":false},{"ty":"gr","it":[{"ind":0,"ty":"sh","ix":1,"ks":{"a":0,"k":{"i":[[0,0],[0.026,0.006],[0,0],[-1.242,-0.615]],"o":[[-1.141,-0.564],[0,0],[0.109,0.026],[0,0]],"v":[[1.645,1.079],[-2.088,-0.107],[-1.856,-1.079],[2.088,0.183]],"c":true},"ix":2},"nm":"Path 1","mn":"ADBE Vector Shape - Group","hd":false},{"ty":"fl","c":{"a":0,"k":[0.219999994016,0.226999993418,0.270999983245,1],"ix":4},"o":{"a":0,"k":100,"ix":5},"r":1,"bm":0,"nm":"Fill 1","mn":"ADBE Vector Graphic - Fill","hd":false},{"ty":"tr","p":{"a":0,"k":[225.457,151.323],"ix":2},"a":{"a":0,"k":[0,0],"ix":1},"s":{"a":0,"k":[100,100],"ix":3},"r":{"a":0,"k":0,"ix":6},"o":{"a":0,"k":100,"ix":7},"sk":{"a":0,"k":0,"ix":4},"sa":{"a":0,"k":0,"ix":5},"nm":"Transform"}],"nm":"Group 5","np":2,"cix":2,"bm":0,"ix":5,"mn":"ADBE Vector Group","hd":false},{"ty":"gr","it":[{"ind":0,"ty":"sh","ix":1,"ks":{"a":0,"k":{"i":[[0,0],[1.161,1.023],[0,0],[-0.222,-0.995]],"o":[[-0.104,-0.466],[0,0],[0.624,0.549],[0,0]],"v":[[0.803,1.814],[-1.779,-1.064],[-1.12,-1.814],[1.779,1.598]],"c":true},"ix":2},"nm":"Path 1","mn":"ADBE Vector Shape - Group","hd":false},{"ty":"fl","c":{"a":0,"k":[0.219999994016,0.226999993418,0.270999983245,1],"ix":4},"o":{"a":0,"k":100,"ix":5},"r":1,"bm":0,"nm":"Fill 1","mn":"ADBE Vector Graphic - Fill","hd":false},{"ty":"tr","p":{"a":0,"k":[217.038,145.841],"ix":2},"a":{"a":0,"k":[0,0],"ix":1},"s":{"a":0,"k":[100,100],"ix":3},"r":{"a":0,"k":0,"ix":6},"o":{"a":0,"k":100,"ix":7},"sk":{"a":0,"k":0,"ix":4},"sa":{"a":0,"k":0,"ix":5},"nm":"Transform"}],"nm":"Group 6","np":2,"cix":2,"bm":0,"ix":6,"mn":"ADBE Vector Group","hd":false},{"ty":"gr","it":[{"ind":0,"ty":"sh","ix":1,"ks":{"a":0,"k":{"i":[[0,0],[0.017,0.021],[0,0],[-0.589,-1.255]],"o":[[-0.54,-1.151],[0,0],[0.07,0.089],[0,0]],"v":[[0.638,1.934],[-1.544,-1.317],[-0.757,-1.934],[1.544,1.511]],"c":true},"ix":2},"nm":"Path 1","mn":"ADBE Vector Shape - Group","hd":false},{"ty":"fl","c":{"a":0,"k":[0.219999994016,0.226999993418,0.270999983245,1],"ix":4},"o":{"a":0,"k":100,"ix":5},"r":1,"bm":0,"nm":"Fill 1","mn":"ADBE Vector Graphic - Fill","hd":false},{"ty":"tr","p":{"a":0,"k":[218.901,145.013],"ix":2},"a":{"a":0,"k":[0,0],"ix":1},"s":{"a":0,"k":[100,100],"ix":3},"r":{"a":0,"k":0,"ix":6},"o":{"a":0,"k":100,"ix":7},"sk":{"a":0,"k":0,"ix":4},"sa":{"a":0,"k":0,"ix":5},"nm":"Transform"}],"nm":"Group 7","np":2,"cix":2,"bm":0,"ix":7,"mn":"ADBE Vector Group","hd":false},{"ty":"gr","it":[{"ind":0,"ty":"sh","ix":1,"ks":{"a":0,"k":{"i":[[0,0],[-1.251,0.283],[-1.768,-4.33],[0,0],[0.07,0.017],[-0.136,-2.376]],"o":[[-0.148,-2.584],[0.696,-0.155],[0,0],[-1.53,-3.75],[-0.295,0.265],[0,0]],"v":[[-2.198,3.081],[-1.009,-2.926],[2.346,1.7],[1.42,2.079],[-0.832,-1.948],[-1.2,3.024]],"c":true},"ix":2},"nm":"Path 1","mn":"ADBE Vector Shape - Group","hd":false},{"ty":"fl","c":{"a":0,"k":[0.219999994016,0.226999993418,0.270999983245,1],"ix":4},"o":{"a":0,"k":100,"ix":5},"r":1,"bm":0,"nm":"Fill 1","mn":"ADBE Vector Graphic - Fill","hd":false},{"ty":"tr","p":{"a":0,"k":[232.933,166.054],"ix":2},"a":{"a":0,"k":[0,0],"ix":1},"s":{"a":0,"k":[100,100],"ix":3},"r":{"a":0,"k":0,"ix":6},"o":{"a":0,"k":100,"ix":7},"sk":{"a":0,"k":0,"ix":4},"sa":{"a":0,"k":0,"ix":5},"nm":"Transform"}],"nm":"Group 8","np":2,"cix":2,"bm":0,"ix":8,"mn":"ADBE Vector Group","hd":false},{"ty":"gr","it":[{"ind":0,"ty":"sh","ix":1,"ks":{"a":0,"k":{"i":[[0.019,-1.073],[0,0],[0.98,0.288],[0.077,-0.055],[0.062,-1.696],[0,0],[-1.328,0.956],[-0.385,-0.116]],"o":[[0,0],[0.04,-2.285],[-0.093,-0.027],[-0.688,0.494],[0,0],[0.028,-0.763],[0.33,-0.236],[2.066,0.606]],"v":[[2.346,3.59],[1.346,3.572],[0.008,-2.515],[-0.22,-2.475],[-1.366,2.327],[-2.366,2.29],[-0.805,-3.287],[0.289,-3.474]],"c":true},"ix":2},"nm":"Path 1","mn":"ADBE Vector Shape - Group","hd":false},{"ty":"fl","c":{"a":0,"k":[0.219999994016,0.226999993418,0.270999983245,1],"ix":4},"o":{"a":0,"k":100,"ix":5},"r":1,"bm":0,"nm":"Fill 1","mn":"ADBE Vector Graphic - Fill","hd":false},{"ty":"tr","p":{"a":0,"k":[221.857,164.068],"ix":2},"a":{"a":0,"k":[0,0],"ix":1},"s":{"a":0,"k":[100,100],"ix":3},"r":{"a":0,"k":0,"ix":6},"o":{"a":0,"k":100,"ix":7},"sk":{"a":0,"k":0,"ix":4},"sa":{"a":0,"k":0,"ix":5},"nm":"Transform"}],"nm":"Group 9","np":2,"cix":2,"bm":0,"ix":9,"mn":"ADBE Vector Group","hd":false},{"ty":"gr","it":[{"ind":0,"ty":"sh","ix":1,"ks":{"a":0,"k":{"i":[[0.036,-1.229],[0,0],[1.016,0.813],[0.654,-3.359],[0,0],[-1.545,0.567],[-0.304,-0.242]],"o":[[0,0],[0.079,-2.652],[-0.604,0.083],[0,0],[0.31,-1.585],[0.341,-0.128],[1.699,1.359]],"v":[[2.71,4.546],[1.71,4.518],[0.518,-3.456],[-1.859,3.143],[-2.842,2.951],[0.141,-4.419],[1.143,-4.238]],"c":true},"ix":2},"nm":"Path 1","mn":"ADBE Vector Shape - Group","hd":false},{"ty":"fl","c":{"a":0,"k":[0.219999994016,0.226999993418,0.270999983245,1],"ix":4},"o":{"a":0,"k":100,"ix":5},"r":1,"bm":0,"nm":"Fill 1","mn":"ADBE Vector Graphic - Fill","hd":false},{"ty":"tr","p":{"a":0,"k":[210.994,158.557],"ix":2},"a":{"a":0,"k":[0,0],"ix":1},"s":{"a":0,"k":[100,100],"ix":3},"r":{"a":0,"k":0,"ix":6},"o":{"a":0,"k":100,"ix":7},"sk":{"a":0,"k":0,"ix":4},"sa":{"a":0,"k":0,"ix":5},"nm":"Transform"}],"nm":"Group 10","np":2,"cix":2,"bm":0,"ix":10,"mn":"ADBE Vector Group","hd":false},{"ty":"gr","it":[{"ty":"gr","it":[{"ind":0,"ty":"sh","ix":1,"ks":{"a":0,"k":{"i":[[0,0],[0,0],[0,0],[0,0]],"o":[[0,0],[0,0],[0,0],[0,0]],"v":[[0.232,2.649],[-0.762,2.548],[-0.232,-2.649],[0.762,-2.548]],"c":true},"ix":2},"nm":"Path 1","mn":"ADBE Vector Shape - Group","hd":false},{"ty":"fl","c":{"a":0,"k":[0.219999994016,0.226999993418,0.270999983245,1],"ix":4},"o":{"a":0,"k":100,"ix":5},"r":1,"bm":0,"nm":"Fill 1","mn":"ADBE Vector Graphic - Fill","hd":false},{"ty":"tr","p":{"a":0,"k":[223.438,124.853],"ix":2},"a":{"a":0,"k":[0,0],"ix":1},"s":{"a":0,"k":[100,100],"ix":3},"r":{"a":0,"k":0,"ix":6},"o":{"a":0,"k":100,"ix":7},"sk":{"a":0,"k":0,"ix":4},"sa":{"a":0,"k":0,"ix":5},"nm":"Transform"}],"nm":"Group 11","np":2,"cix":2,"bm":0,"ix":1,"mn":"ADBE Vector Group","hd":false},{"ty":"gr","it":[{"ind":0,"ty":"sh","ix":1,"ks":{"a":0,"k":{"i":[[0,0],[0,0],[0,0],[0,0]],"o":[[0,0],[0,0],[0,0],[0,0]],"v":[[-0.287,2.901],[-0.711,-2.827],[0.287,-2.901],[0.711,2.827]],"c":true},"ix":2},"nm":"Path 1","mn":"ADBE Vector Shape - Group","hd":false},{"ty":"fl","c":{"a":0,"k":[0.219999994016,0.226999993418,0.270999983245,1],"ix":4},"o":{"a":0,"k":100,"ix":5},"r":1,"bm":0,"nm":"Fill 1","mn":"ADBE Vector Graphic - Fill","hd":false},{"ty":"tr","p":{"a":0,"k":[221.052,125.118],"ix":2},"a":{"a":0,"k":[0,0],"ix":1},"s":{"a":0,"k":[100,100],"ix":3},"r":{"a":0,"k":0,"ix":6},"o":{"a":0,"k":100,"ix":7},"sk":{"a":0,"k":0,"ix":4},"sa":{"a":0,"k":0,"ix":5},"nm":"Transform"}],"nm":"Group 12","np":2,"cix":2,"bm":0,"ix":2,"mn":"ADBE Vector Group","hd":false},{"ty":"gr","it":[{"ind":0,"ty":"sh","ix":1,"ks":{"a":0,"k":{"i":[[0,0],[0,0],[0,0],[0,0]],"o":[[0,0],[0,0],[0,0],[0,0]],"v":[[-0.232,2.649],[-0.762,-2.548],[0.232,-2.649],[0.762,2.548]],"c":true},"ix":2},"nm":"Path 1","mn":"ADBE Vector Shape - Group","hd":false},{"ty":"fl","c":{"a":0,"k":[0.219999994016,0.226999993418,0.270999983245,1],"ix":4},"o":{"a":0,"k":100,"ix":5},"r":1,"bm":0,"nm":"Fill 1","mn":"ADBE Vector Graphic - Fill","hd":false},{"ty":"tr","p":{"a":0,"k":[218.877,124.853],"ix":2},"a":{"a":0,"k":[0,0],"ix":1},"s":{"a":0,"k":[100,100],"ix":3},"r":{"a":0,"k":0,"ix":6},"o":{"a":0,"k":100,"ix":7},"sk":{"a":0,"k":0,"ix":4},"sa":{"a":0,"k":0,"ix":5},"nm":"Transform"}],"nm":"Group 13","np":2,"cix":2,"bm":0,"ix":3,"mn":"ADBE Vector Group","hd":false},{"ty":"tr","p":{"a":1,"k":[{"i":{"x":0.833,"y":0.833},"o":{"x":0.167,"y":0.167},"t":7,"s":[221.158,130.111],"to":[0,-0.833],"ti":[0,0.833]},{"i":{"x":0.833,"y":0.833},"o":{"x":0.167,"y":0.167},"t":22,"s":[221.158,125.111],"to":[0,0],"ti":[0,0]},{"i":{"x":0.833,"y":0.833},"o":{"x":0.167,"y":0.167},"t":80,"s":[221.158,125.111],"to":[0,0.833],"ti":[0,-0.833]},{"t":96,"s":[221.158,130.111]}],"ix":2},"a":{"a":0,"k":[221.158,125.111],"ix":1},"s":{"a":0,"k":[100,100],"ix":3},"r":{"a":0,"k":0,"ix":6},"o":{"a":0,"k":100,"ix":7},"sk":{"a":0,"k":0,"ix":4},"sa":{"a":0,"k":0,"ix":5},"nm":"Transform"}],"nm":"Group 16","np":3,"cix":2,"bm":0,"ix":11,"mn":"ADBE Vector Group","hd":false},{"ty":"gr","it":[{"ind":0,"ty":"sh","ix":1,"ks":{"a":0,"k":{"i":[[6.138,-3.161],[0,0],[-0.376,0.615],[2.68,-0.044],[0,0],[-0.288,-0.866]],"o":[[0,0],[2.255,-1.162],[-0.553,-0.312],[0,0],[4.603,-0.079],[0.112,0.336]],"v":[[-2.223,2.895],[-2.68,2.007],[2.464,-1.342],[-3.9,-1.816],[-3.915,-2.816],[3.461,-1.626]],"c":true},"ix":2},"nm":"Path 1","mn":"ADBE Vector Shape - Group","hd":false},{"ty":"fl","c":{"a":0,"k":[0.219999994016,0.226999993418,0.270999983245,1],"ix":4},"o":{"a":0,"k":100,"ix":5},"r":1,"bm":0,"nm":"Fill 1","mn":"ADBE Vector Graphic - Fill","hd":false},{"ty":"tr","p":{"a":1,"k":[{"i":{"x":0.833,"y":0.833},"o":{"x":0.167,"y":0.167},"t":7,"s":[207,139],"to":[-0.012,-1.662],"ti":[0.012,1.662]},{"i":{"x":0.833,"y":0.833},"o":{"x":0.167,"y":0.167},"t":22,"s":[206.929,129.026],"to":[0,0],"ti":[0,0]},{"i":{"x":0.833,"y":0.833},"o":{"x":0.167,"y":0.167},"t":79,"s":[206.929,129.026],"to":[0.012,1.662],"ti":[-0.012,-1.662]},{"t":96,"s":[207,139]}],"ix":2},"a":{"a":0,"k":[0,0],"ix":1},"s":{"a":0,"k":[100,100],"ix":3},"r":{"a":0,"k":-20,"ix":6},"o":{"a":0,"k":100,"ix":7},"sk":{"a":0,"k":0,"ix":4},"sa":{"a":0,"k":0,"ix":5},"nm":"Transform"}],"nm":"Group 14","np":2,"cix":2,"bm":0,"ix":12,"mn":"ADBE Vector Group","hd":false},{"ty":"gr","it":[{"ind":0,"ty":"sh","ix":1,"ks":{"a":1,"k":[{"i":{"x":0.833,"y":0.833},"o":{"x":0.167,"y":0.167},"t":7,"s":[{"i":[[17.077,27.846],[9.061,3.76],[0,0],[0,0],[-4.811,-20.184],[6.578,-7.307],[0,0],[0,0],[-18.123,0.694],[-3.878,-20.409],[0,0],[-12.513,-0.647],[-7.145,-16.843],[0,0],[-7.336,2.127],[-9.97,-8.523],[1.962,-24.493],[-60.145,34.004]],"o":[[0,0],[-9.061,-3.76],[0,0],[0,0],[0,0],[-6.857,7.617],[0,0],[0,0],[0,0],[0,0],[0,0],[0,0],[0,0],[0,0],[0,0],[0,0],[-2.421,30.214],[0,0]],"v":[[16.415,-74.284],[-12.681,-109.36],[-42.534,-95.907],[-38.043,-90.672],[-7.964,-94.133],[-29.755,-90.465],[-36.161,-71.043],[-28.078,-69.398],[-12.926,-88.522],[-24.39,-66.332],[-17.227,-64.314],[-7.056,-84.346],[-13.187,-63.982],[-6.555,-64.576],[-4.728,-79.06],[4.266,-56.052],[-1.962,6.944],[42.268,81.951]],"c":true}]},{"i":{"x":0.833,"y":0.833},"o":{"x":0.167,"y":0.167},"t":21,"s":[{"i":[[17.077,27.846],[9.061,3.76],[0,0],[0,0],[-4.811,-20.184],[6.578,-7.307],[0,0],[0,0],[-18.123,0.694],[-3.878,-20.409],[0,0],[-12.513,-0.647],[-7.145,-16.843],[0,0],[-7.336,2.127],[-9.97,-8.523],[1.962,-24.493],[-60.145,34.004]],"o":[[0,0],[-9.061,-3.76],[0,0],[0,0],[0,0],[-6.857,7.617],[0,0],[0,0],[0,0],[0,0],[0,0],[0,0],[0,0],[0,0],[0,0],[0,0],[-2.421,30.214],[0,0]],"v":[[16.415,-74.284],[-12.284,-112.195],[-42.268,-108.156],[-39.511,-101.165],[-7.964,-94.133],[-29.755,-90.465],[-36.161,-71.043],[-28.078,-69.398],[-12.926,-88.522],[-24.39,-66.332],[-17.226,-64.314],[-7.056,-84.346],[-13.187,-63.982],[-6.555,-64.576],[-4.728,-79.06],[4.266,-56.052],[-1.962,6.944],[42.268,81.951]],"c":true}]},{"i":{"x":0.833,"y":0.833},"o":{"x":0.167,"y":0.167},"t":79,"s":[{"i":[[17.077,27.846],[9.061,3.76],[0,0],[0,0],[-4.811,-20.184],[6.578,-7.307],[0,0],[0,0],[-18.123,0.694],[-3.878,-20.409],[0,0],[-12.513,-0.647],[-7.145,-16.843],[0,0],[-7.336,2.127],[-9.97,-8.523],[1.962,-24.493],[-60.145,34.004]],"o":[[0,0],[-9.061,-3.76],[0,0],[0,0],[0,0],[-6.857,7.617],[0,0],[0,0],[0,0],[0,0],[0,0],[0,0],[0,0],[0,0],[0,0],[0,0],[-2.421,30.214],[0,0]],"v":[[16.415,-74.284],[-12.284,-112.195],[-42.268,-108.156],[-39.511,-101.165],[-7.964,-94.133],[-29.755,-90.465],[-36.161,-71.043],[-28.078,-69.398],[-12.926,-88.522],[-24.39,-66.332],[-17.226,-64.314],[-7.056,-84.346],[-13.187,-63.982],[-6.555,-64.576],[-4.728,-79.06],[4.266,-56.052],[-1.962,6.944],[42.268,81.951]],"c":true}]},{"t":96,"s":[{"i":[[17.077,27.846],[9.061,3.76],[0,0],[0,0],[-4.811,-20.184],[6.578,-7.307],[0,0],[0,0],[-18.123,0.694],[-3.878,-20.409],[0,0],[-12.513,-0.647],[-7.145,-16.843],[0,0],[-7.336,2.127],[-9.97,-8.523],[1.962,-24.493],[-60.145,34.004]],"o":[[0,0],[-9.061,-3.76],[0,0],[0,0],[0,0],[-6.857,7.617],[0,0],[0,0],[0,0],[0,0],[0,0],[0,0],[0,0],[0,0],[0,0],[0,0],[-2.421,30.214],[0,0]],"v":[[16.415,-74.284],[-12.681,-109.36],[-42.534,-95.907],[-38.043,-90.672],[-7.964,-94.133],[-29.755,-90.465],[-36.161,-71.043],[-28.078,-69.398],[-12.926,-88.522],[-24.39,-66.332],[-17.227,-64.314],[-7.056,-84.346],[-13.187,-63.982],[-6.555,-64.576],[-4.728,-79.06],[4.266,-56.052],[-1.962,6.945],[42.268,81.951]],"c":true}]}],"ix":2},"nm":"Path 1","mn":"ADBE Vector Shape - Group","hd":false},{"ty":"fl","c":{"a":0,"k":[0.964999988032,0.736999990426,0.62400004069,1],"ix":4},"o":{"a":0,"k":100,"ix":5},"r":1,"bm":0,"nm":"Fill 1","mn":"ADBE Vector Graphic - Fill","hd":false},{"ty":"tr","p":{"a":0,"k":[243.275,234.451],"ix":2},"a":{"a":0,"k":[0,0],"ix":1},"s":{"a":0,"k":[100,100],"ix":3},"r":{"a":0,"k":0,"ix":6},"o":{"a":0,"k":100,"ix":7},"sk":{"a":0,"k":0,"ix":4},"sa":{"a":0,"k":0,"ix":5},"nm":"Transform"}],"nm":"Group 15","np":2,"cix":2,"bm":0,"ix":13,"mn":"ADBE Vector Group","hd":false}],"ip":0,"op":98,"st":0,"bm":0},{"ddd":0,"ind":7,"ty":4,"nm":"hand 2 Outlines","sr":1,"ks":{"o":{"a":0,"k":100,"ix":11},"r":{"a":0,"k":0,"ix":10},"p":{"a":0,"k":[99,518,0],"ix":2},"a":{"a":0,"k":[181.25,334.722,0],"ix":1},"s":{"a":0,"k":[144,144,100],"ix":6}},"ao":0,"shapes":[{"ty":"gr","it":[{"ty":"gr","it":[{"ind":0,"ty":"sh","ix":1,"ks":{"a":0,"k":{"i":[[-27.384,13.687],[-1.37,-11.416],[-21.915,6.115],[-15.808,0.588],[0,0],[15.469,-6.973],[12.776,61.126]],"o":[[0,0],[1.37,11.417],[21.914,-6.115],[0,0],[0,0],[-15.471,6.972],[0,0]],"v":[[-37.021,-37.753],[-61.235,-14.845],[-30.638,2.478],[69.082,-39.435],[69.906,-36.37],[20.333,-13.152],[-69.906,-21.69]],"c":true},"ix":2},"nm":"Path 1","mn":"ADBE Vector Shape - Group","hd":false},{"ty":"fl","c":{"a":0,"k":[0.913999968884,0.579999976065,0.435000011968,1],"ix":4},"o":{"a":0,"k":100,"ix":5},"r":1,"bm":0,"nm":"Fill 1","mn":"ADBE Vector Graphic - Fill","hd":false},{"ty":"tr","p":{"a":0,"k":[233.525,337.193],"ix":2},"a":{"a":0,"k":[0,0],"ix":1},"s":{"a":0,"k":[100,100],"ix":3},"r":{"a":0,"k":0,"ix":6},"o":{"a":0,"k":100,"ix":7},"sk":{"a":0,"k":0,"ix":4},"sa":{"a":0,"k":0,"ix":5},"nm":"Transform"}],"nm":"Group 1","np":2,"cix":2,"bm":0,"ix":1,"mn":"ADBE Vector Group","hd":false},{"ty":"gr","it":[{"ind":0,"ty":"sh","ix":1,"ks":{"a":0,"k":{"i":[[9.323,-7.762],[27.951,-2.061],[0,0],[-18.23,7.93],[-45.745,-1.554]],"o":[[0,0],[-27.951,2.062],[0,0],[0,0],[0,0]],"v":[[63.445,-11.932],[-41.26,32.217],[-72.768,2.766],[-19.771,-22.563],[67.045,-32.724]],"c":true},"ix":2},"nm":"Path 1","mn":"ADBE Vector Shape - Group","hd":false},{"ty":"fl","c":{"a":0,"k":[0.964999988032,0.736999990426,0.62400004069,1],"ix":4},"o":{"a":0,"k":100,"ix":5},"r":1,"bm":0,"nm":"Fill 1","mn":"ADBE Vector Graphic - Fill","hd":false},{"ty":"tr","p":{"a":0,"k":[236.387,312.737],"ix":2},"a":{"a":0,"k":[0,0],"ix":1},"s":{"a":0,"k":[100,100],"ix":3},"r":{"a":0,"k":0,"ix":6},"o":{"a":0,"k":100,"ix":7},"sk":{"a":0,"k":0,"ix":4},"sa":{"a":0,"k":0,"ix":5},"nm":"Transform"}],"nm":"Group 2","np":2,"cix":2,"bm":0,"ix":2,"mn":"ADBE Vector Group","hd":false},{"ty":"tr","p":{"a":0,"k":[180.228,339.099],"ix":2},"a":{"a":0,"k":[180.228,339.099],"ix":1},"s":{"a":0,"k":[100,100],"ix":3},"r":{"a":1,"k":[{"i":{"x":[0.833],"y":[0.833]},"o":{"x":[0.167],"y":[0.167]},"t":9,"s":[0]},{"i":{"x":[0.833],"y":[0.833]},"o":{"x":[0.167],"y":[0.167]},"t":26,"s":[6]},{"i":{"x":[0.833],"y":[0.833]},"o":{"x":[0.167],"y":[0.167]},"t":81,"s":[6]},{"t":96,"s":[0]}],"ix":6},"o":{"a":0,"k":100,"ix":7},"sk":{"a":0,"k":0,"ix":4},"sa":{"a":0,"k":0,"ix":5},"nm":"Transform"}],"nm":"Group 5","np":2,"cix":2,"bm":0,"ix":1,"mn":"ADBE Vector Group","hd":false},{"ty":"gr","it":[{"ind":0,"ty":"sh","ix":1,"ks":{"a":0,"k":{"i":[[0,0],[0.076,0.338],[0,0],[-12.767,-27.146]],"o":[[-12.814,-27.249],[0,0],[0.075,0.336],[0,0]],"v":[[9.784,30.767],[-10.689,-30.551],[-9.712,-30.767],[10.689,30.341]],"c":true},"ix":2},"nm":"Path 1","mn":"ADBE Vector Shape - Group","hd":false},{"ty":"fl","c":{"a":0,"k":[0.328999986836,0.475,0.517999985639,1],"ix":4},"o":{"a":0,"k":100,"ix":5},"r":1,"bm":0,"nm":"Fill 1","mn":"ADBE Vector Graphic - Fill","hd":false},{"ty":"tr","p":{"a":0,"k":[192.403,232.646],"ix":2},"a":{"a":0,"k":[-8.681,-27.778],"ix":1},"s":{"a":0,"k":[100,100],"ix":3},"r":{"a":1,"k":[{"i":{"x":[0.833],"y":[0.833]},"o":{"x":[0.167],"y":[0.167]},"t":10,"s":[3]},{"i":{"x":[0.833],"y":[0.833]},"o":{"x":[0.167],"y":[0.167]},"t":26,"s":[0]},{"i":{"x":[0.833],"y":[0.833]},"o":{"x":[0.167],"y":[0.167]},"t":78,"s":[0]},{"t":96,"s":[3]}],"ix":6},"o":{"a":0,"k":100,"ix":7},"sk":{"a":0,"k":0,"ix":4},"sa":{"a":0,"k":0,"ix":5},"nm":"Transform"}],"nm":"Group 3","np":2,"cix":2,"bm":0,"ix":2,"mn":"ADBE Vector Group","hd":false},{"ty":"gr","it":[{"ind":0,"ty":"sh","ix":1,"ks":{"a":0,"k":{"i":[[0,0],[0,0],[-25.704,13.91],[0,0],[1.015,-5.388],[-1.136,0.717],[0,0],[6.586,-8.938]],"o":[[0,0],[0.015,-0.218],[0,0],[-20.976,11.352],[8.288,-9.404],[0,0],[-0.291,0.184],[0,0]],"v":[[-18.398,18.806],[-18.279,17.088],[9.247,-18.806],[9.722,-17.927],[-17.021,15.399],[17.865,-10.837],[18.398,-9.991],[-17.378,17.42]],"c":true},"ix":2},"nm":"Path 1","mn":"ADBE Vector Shape - Group","hd":false},{"ty":"fl","c":{"a":0,"k":[0.328999986836,0.475,0.517999985639,1],"ix":4},"o":{"a":0,"k":100,"ix":5},"r":1,"bm":0,"nm":"Fill 1","mn":"ADBE Vector Graphic - Fill","hd":false},{"ty":"tr","p":{"a":0,"k":[181.398,298.379],"ix":2},"a":{"a":0,"k":[0,0],"ix":1},"s":{"a":0,"k":[100,100],"ix":3},"r":{"a":0,"k":0,"ix":6},"o":{"a":0,"k":100,"ix":7},"sk":{"a":0,"k":0,"ix":4},"sa":{"a":0,"k":0,"ix":5},"nm":"Transform"}],"nm":"Group 4","np":2,"cix":2,"bm":0,"ix":3,"mn":"ADBE Vector Group","hd":false}],"ip":0,"op":98,"st":0,"bm":0},{"ddd":0,"ind":8,"ty":4,"nm":"dress Outlines","sr":1,"ks":{"o":{"a":0,"k":100,"ix":11},"r":{"a":0,"k":0,"ix":10},"p":{"a":0,"k":[196.25,400,0],"ix":2},"a":{"a":0,"k":[250,250,0],"ix":1},"s":{"a":0,"k":[144,144,100],"ix":6}},"ao":0,"shapes":[{"ty":"gr","it":[{"ind":0,"ty":"sh","ix":1,"ks":{"a":0,"k":{"i":[[0.255,0],[0.028,0.298],[0,0],[-27.699,0.576],[-0.026,0.323],[0,0],[28.632,-0.543]],"o":[[-27.928,0],[0,0],[0.028,0.292],[27.719,-0.526],[0,0],[-0.026,0.332],[-0.257,0.005]],"v":[[-0.64,16.922],[-31.667,-12.595],[-30.672,-12.688],[0.113,15.915],[30.672,-16.922],[31.668,-16.844],[0.131,16.915]],"c":true},"ix":2},"nm":"Path 1","mn":"ADBE Vector Shape - Group","hd":false},{"ty":"fl","c":{"a":0,"k":[0.572702804266,0.596078431373,0.584390617819,1],"ix":4},"o":{"a":0,"k":100,"ix":5},"r":1,"bm":0,"nm":"Fill 1","mn":"ADBE Vector Graphic - Fill","hd":false},{"ty":"tr","p":{"a":0,"k":[248.939,199.388],"ix":2},"a":{"a":0,"k":[0,0],"ix":1},"s":{"a":0,"k":[100,100],"ix":3},"r":{"a":0,"k":0,"ix":6},"o":{"a":0,"k":100,"ix":7},"sk":{"a":0,"k":0,"ix":4},"sa":{"a":0,"k":0,"ix":5},"nm":"Transform"}],"nm":"Group 18","np":4,"cix":2,"bm":0,"ix":1,"mn":"ADBE Vector Group","hd":false},{"ty":"gr","it":[{"ind":0,"ty":"sh","ix":1,"ks":{"a":0,"k":{"i":[[0,0],[1.267,-13.866],[0,0],[-5.623,23.526]],"o":[[0,0],[0,0],[0,0],[7.88,-32.969]],"v":[[29.085,-83.589],[37.173,83.589],[-14.388,83.589],[-32.817,-38.732]],"c":true},"ix":2},"nm":"Path 1","mn":"ADBE Vector Shape - Group","hd":false},{"ty":"fl","c":{"a":0,"k":[0.219999994016,0.226999993418,0.270999983245,1],"ix":4},"o":{"a":0,"k":100,"ix":5},"r":1,"bm":0,"nm":"Fill 1","mn":"ADBE Vector Graphic - Fill","hd":false},{"ty":"tr","p":{"a":0,"k":[185.463,266.556],"ix":2},"a":{"a":0,"k":[0,0],"ix":1},"s":{"a":0,"k":[100,100],"ix":3},"r":{"a":0,"k":0,"ix":6},"o":{"a":0,"k":100,"ix":7},"sk":{"a":0,"k":0,"ix":4},"sa":{"a":0,"k":0,"ix":5},"nm":"Transform"}],"nm":"Group 1","np":2,"cix":2,"bm":0,"ix":2,"mn":"ADBE Vector Group","hd":false},{"ty":"gr","it":[{"ind":0,"ty":"sh","ix":1,"ks":{"a":0,"k":{"i":[[0,0],[-1.267,-13.866],[0,0],[5.622,23.526]],"o":[[0,0],[0,0],[0,0],[-7.88,-32.969]],"v":[[-32.456,-84.152],[-33.801,84.151],[18.294,84.151],[29.445,-38.169]],"c":true},"ix":2},"nm":"Path 1","mn":"ADBE Vector Shape - Group","hd":false},{"ty":"fl","c":{"a":0,"k":[0.219999994016,0.226999993418,0.270999983245,1],"ix":4},"o":{"a":0,"k":100,"ix":5},"r":1,"bm":0,"nm":"Fill 1","mn":"ADBE Vector Graphic - Fill","hd":false},{"ty":"tr","p":{"a":0,"k":[317.926,265.994],"ix":2},"a":{"a":0,"k":[0,0],"ix":1},"s":{"a":0,"k":[100,100],"ix":3},"r":{"a":0,"k":0,"ix":6},"o":{"a":0,"k":100,"ix":7},"sk":{"a":0,"k":0,"ix":4},"sa":{"a":0,"k":0,"ix":5},"nm":"Transform"}],"nm":"Group 2","np":2,"cix":2,"bm":0,"ix":3,"mn":"ADBE Vector Group","hd":false},{"ty":"gr","it":[{"ind":0,"ty":"sh","ix":1,"ks":{"a":0,"k":{"i":[[0,0],[-78.914,61.999],[0,0],[0,0]],"o":[[0,0],[0,0],[0,0],[0,0]],"v":[[-52.845,-65.327],[52.844,-34.007],[52.844,65.327],[-50.771,65.327]],"c":true},"ix":2},"nm":"Path 1","mn":"ADBE Vector Shape - Group","hd":false},{"ty":"fl","c":{"a":0,"k":[0.838999968884,0.925,0.882000014361,1],"ix":4},"o":{"a":0,"k":100,"ix":5},"r":1,"bm":0,"nm":"Fill 1","mn":"ADBE Vector Graphic - Fill","hd":false},{"ty":"tr","p":{"a":0,"k":[262.471,284.819],"ix":2},"a":{"a":0,"k":[0,0],"ix":1},"s":{"a":0,"k":[100,100],"ix":3},"r":{"a":0,"k":0,"ix":6},"o":{"a":0,"k":100,"ix":7},"sk":{"a":0,"k":0,"ix":4},"sa":{"a":0,"k":0,"ix":5},"nm":"Transform"}],"nm":"Group 3","np":2,"cix":2,"bm":0,"ix":4,"mn":"ADBE Vector Group","hd":false},{"ty":"gr","it":[{"ind":0,"ty":"sh","ix":1,"ks":{"a":0,"k":{"i":[[-9.567,7.92],[-24.828,3.474],[0,0],[-9.588,-5.157],[21.362,-68.24],[0,0],[-15.06,32.591]],"o":[[0,0],[20.695,-2.896],[0,0],[9.588,5.157],[0,0],[0,0],[16.964,-36.712]],"v":[[-31.529,-54.493],[-7.135,-26.77],[14.098,-55.594],[49.314,-42.248],[85.314,55.594],[-91.617,55.594],[-91.617,-13.307]],"c":true},"ix":2},"nm":"Path 1","mn":"ADBE Vector Shape - Group","hd":false},{"ty":"fl","c":{"a":0,"k":[1,0.980000035903,0.936999990426,1],"ix":4},"o":{"a":0,"k":100,"ix":5},"r":1,"bm":0,"nm":"Fill 1","mn":"ADBE Vector Graphic - Fill","hd":false},{"ty":"tr","p":{"a":0,"k":[257.245,232.657],"ix":2},"a":{"a":0,"k":[0,0],"ix":1},"s":{"a":0,"k":[100,100],"ix":3},"r":{"a":0,"k":0,"ix":6},"o":{"a":0,"k":100,"ix":7},"sk":{"a":0,"k":0,"ix":4},"sa":{"a":0,"k":0,"ix":5},"nm":"Transform"}],"nm":"Group 4","np":2,"cix":2,"bm":0,"ix":5,"mn":"ADBE Vector Group","hd":false}],"ip":0,"op":98,"st":0,"bm":0},{"ddd":0,"ind":9,"ty":4,"nm":"Shape Layer 1","sr":1,"ks":{"o":{"a":0,"k":100,"ix":11},"r":{"a":0,"k":0,"ix":10},"p":{"a":0,"k":[-181.75,-100.5,0],"ix":2},"a":{"a":0,"k":[0,0,0],"ix":1},"s":{"a":0,"k":[144,144,100],"ix":6}},"ao":0,"shapes":[{"ty":"gr","it":[{"ind":0,"ty":"sh","ix":1,"ks":{"a":0,"k":{"i":[[-9.567,7.921],[-24.827,3.473],[0,0],[-9.588,-5.156],[21.362,-68.239],[0,0],[-15.06,32.591]],"o":[[0,0],[20.695,-2.897],[0,0],[9.588,5.157],[0,0],[0,0],[16.964,-36.712]],"v":[[-31.53,-54.494],[-7.137,-26.77],[14.097,-55.594],[49.313,-42.249],[85.314,55.593],[-91.617,55.593],[-91.617,-13.307]],"c":true},"ix":2},"nm":"Path 1","mn":"ADBE Vector Shape - Group","hd":false},{"ty":"fl","c":{"a":0,"k":[1,0.980000035903,0.936999990426,1],"ix":4},"o":{"a":0,"k":100,"ix":5},"r":1,"bm":0,"nm":"Fill 1","mn":"ADBE Vector Graphic - Fill","hd":false},{"ty":"tr","p":{"a":0,"k":[269.264,330.89],"ix":2},"a":{"a":0,"k":[0,0],"ix":1},"s":{"a":0,"k":[100,100],"ix":3},"r":{"a":0,"k":0,"ix":6},"o":{"a":0,"k":100,"ix":7},"sk":{"a":0,"k":0,"ix":4},"sa":{"a":0,"k":0,"ix":5},"nm":"Transform"}],"nm":"Group 32","np":4,"cix":2,"bm":0,"ix":1,"mn":"ADBE Vector Group","hd":false}],"ip":0,"op":98,"st":0,"bm":0},{"ddd":0,"ind":10,"ty":4,"nm":"body Outlines","sr":1,"ks":{"o":{"a":0,"k":100,"ix":11},"r":{"a":1,"k":[{"i":{"x":[0.833],"y":[0.833]},"o":{"x":[0.167],"y":[0.167]},"t":6,"s":[-6]},{"i":{"x":[0.833],"y":[0.833]},"o":{"x":[0.167],"y":[0.167]},"t":20,"s":[0]},{"i":{"x":[0.833],"y":[0.833]},"o":{"x":[0.167],"y":[0.167]},"t":81,"s":[0]},{"t":98,"s":[-6]}],"ix":10},"p":{"a":0,"k":[191,334,0],"ix":2},"a":{"a":0,"k":[258.333,302.083,0],"ix":1},"s":{"a":0,"k":[144,144,100],"ix":6}},"ao":0,"shapes":[{"ty":"gr","it":[{"ind":0,"ty":"sh","ix":1,"ks":{"a":0,"k":{"i":[[-1.795,-1.965],[0.058,-14.57],[-16.337,2.385],[7.364,11.524],[-7.518,26.318]],"o":[[0,0],[-0.057,14.569],[0,0],[-7.365,-11.524],[0,0]],"v":[[3.881,-37.904],[-4.818,-16.147],[12.337,33.274],[-0.488,28.345],[-4.818,-30.995]],"c":true},"ix":2},"nm":"Path 1","mn":"ADBE Vector Shape - Group","hd":false},{"ty":"fl","c":{"a":0,"k":[0.913999968884,0.579999976065,0.435000011968,1],"ix":4},"o":{"a":0,"k":100,"ix":5},"r":1,"bm":0,"nm":"Fill 1","mn":"ADBE Vector Graphic - Fill","hd":false},{"ty":"tr","p":{"a":0,"k":[228.656,190.492],"ix":2},"a":{"a":0,"k":[0,0],"ix":1},"s":{"a":0,"k":[100,100],"ix":3},"r":{"a":0,"k":0,"ix":6},"o":{"a":0,"k":100,"ix":7},"sk":{"a":0,"k":0,"ix":4},"sa":{"a":0,"k":0,"ix":5},"nm":"Transform"}],"nm":"Group 5","np":4,"cix":2,"bm":0,"ix":1,"mn":"ADBE Vector Group","hd":false},{"ty":"gr","it":[{"ind":0,"ty":"sh","ix":1,"ks":{"a":0,"k":{"i":[[1.726,0],[0.077,0.004],[7.247,11.964],[3.374,-0.813],[0,0],[-12.704,-20.972],[-1.982,-0.125],[-0.024,0.032],[0,0]],"o":[[-0.073,0],[-2.664,-0.137],[-12.343,-20.378],[0,0],[3.492,-0.839],[7.356,12.144],[1.352,0.083],[0,0],[-0.035,0.047]],"v":[[22.834,18.135],[22.609,18.13],[8.002,3.355],[-25.167,-13.192],[-25.402,-14.165],[8.857,2.837],[22.618,17.129],[24.608,16.44],[25.402,17.047]],"c":true},"ix":2},"nm":"Path 1","mn":"ADBE Vector Shape - Group","hd":false},{"ty":"fl","c":{"a":0,"k":[0.328999986836,0.475,0.517999985639,1],"ix":4},"o":{"a":0,"k":100,"ix":5},"r":1,"bm":0,"nm":"Fill 1","mn":"ADBE Vector Graphic - Fill","hd":false},{"ty":"tr","p":{"a":0,"k":[274.934,134.953],"ix":2},"a":{"a":0,"k":[0,0],"ix":1},"s":{"a":0,"k":[100,100],"ix":3},"r":{"a":0,"k":0,"ix":6},"o":{"a":0,"k":100,"ix":7},"sk":{"a":0,"k":0,"ix":4},"sa":{"a":0,"k":0,"ix":5},"nm":"Transform"}],"nm":"Group 6","np":4,"cix":2,"bm":0,"ix":2,"mn":"ADBE Vector Group","hd":false},{"ty":"gr","it":[{"ind":0,"ty":"sh","ix":1,"ks":{"a":0,"k":{"i":[[1.897,0],[4.102,5.622],[7.689,6.626],[6.245,-1.5],[0.108,-0.264],[0,0],[-4.779,7.114],[-8.802,2.118],[-6.472,-5.577],[-3.725,-5.106],[-8.061,5.021],[0,0]],"o":[[-4.303,0],[-3.693,-5.064],[-6.216,-5.356],[-16.292,3.918],[0,0],[0.027,-0.067],[4.434,-6.601],[6.575,-1.58],[7.778,6.702],[5.917,8.112],[0,0],[-2.71,1.687]],"v":[[33.68,17.055],[22.452,7.564],[6.473,-10.427],[-12.301,-16.236],[-39.546,14.097],[-40.473,13.719],[-32.906,-0.176],[-12.536,-17.208],[7.124,-11.186],[23.261,6.976],[39.943,13.768],[40.473,14.617]],"c":true},"ix":2},"nm":"Path 1","mn":"ADBE Vector Shape - Group","hd":false},{"ty":"fl","c":{"a":0,"k":[0.328999986836,0.475,0.517999985639,1],"ix":4},"o":{"a":0,"k":100,"ix":5},"r":1,"bm":0,"nm":"Fill 1","mn":"ADBE Vector Graphic - Fill","hd":false},{"ty":"tr","p":{"a":0,"k":[259.731,141.279],"ix":2},"a":{"a":0,"k":[0,0],"ix":1},"s":{"a":0,"k":[100,100],"ix":3},"r":{"a":0,"k":0,"ix":6},"o":{"a":0,"k":100,"ix":7},"sk":{"a":0,"k":0,"ix":4},"sa":{"a":0,"k":0,"ix":5},"nm":"Transform"}],"nm":"Group 7","np":4,"cix":2,"bm":0,"ix":3,"mn":"ADBE Vector Group","hd":false},{"ty":"gr","it":[{"ind":0,"ty":"sh","ix":1,"ks":{"a":0,"k":{"i":[[0.238,0],[5.41,5.75],[7.93,4.36],[0.175,-0.318],[0,0],[-20.381,-11.208],[-5.363,-5.701],[-3.477,0.545],[-1.331,2.805],[0,0],[2.009,-0.316]],"o":[[-3.812,0],[-5.315,-5.65],[-19.509,-10.723],[0,0],[0.18,-0.327],[8.068,4.435],[5.546,5.894],[1.657,-0.26],[0,0],[-1.484,3.126],[-0.234,0.037]],"v":[[32.832,19.744],[19.271,9.381],[-0.589,-7.66],[-37.853,13.248],[-38.729,12.765],[-0.107,-8.536],[20,8.696],[33.384,18.701],[37.826,14.145],[38.729,14.574],[33.539,19.689]],"c":true},"ix":2},"nm":"Path 1","mn":"ADBE Vector Shape - Group","hd":false},{"ty":"fl","c":{"a":0,"k":[0.328999986836,0.475,0.517999985639,1],"ix":4},"o":{"a":0,"k":100,"ix":5},"r":1,"bm":0,"nm":"Fill 1","mn":"ADBE Vector Graphic - Fill","hd":false},{"ty":"tr","p":{"a":0,"k":[260.177,143.441],"ix":2},"a":{"a":0,"k":[0,0],"ix":1},"s":{"a":0,"k":[100,100],"ix":3},"r":{"a":0,"k":0,"ix":6},"o":{"a":0,"k":100,"ix":7},"sk":{"a":0,"k":0,"ix":4},"sa":{"a":0,"k":0,"ix":5},"nm":"Transform"}],"nm":"Group 8","np":4,"cix":2,"bm":0,"ix":4,"mn":"ADBE Vector Group","hd":false},{"ty":"gr","it":[{"ind":0,"ty":"sh","ix":1,"ks":{"a":0,"k":{"i":[[16.016,-8.897],[-10.823,-7.936],[-11.28,16.617],[15.873,5.765]],"o":[[0,0],[10.822,7.937],[0,0],[-15.874,-5.766]],"v":[[-32.347,-10.685],[-10.845,-9.725],[32.347,12.845],[11.341,-13.519]],"c":true},"ix":2},"nm":"Path 1","mn":"ADBE Vector Shape - Group","hd":false},{"ty":"fl","c":{"a":0,"k":[0.294000004787,0.426999978458,0.475,1],"ix":4},"o":{"a":0,"k":100,"ix":5},"r":1,"bm":0,"nm":"Fill 1","mn":"ADBE Vector Graphic - Fill","hd":false},{"ty":"tr","p":{"a":0,"k":[267.002,136.049],"ix":2},"a":{"a":0,"k":[0,0],"ix":1},"s":{"a":0,"k":[100,100],"ix":3},"r":{"a":0,"k":0,"ix":6},"o":{"a":0,"k":100,"ix":7},"sk":{"a":0,"k":0,"ix":4},"sa":{"a":0,"k":0,"ix":5},"nm":"Transform"}],"nm":"Group 9","np":4,"cix":2,"bm":0,"ix":5,"mn":"ADBE Vector Group","hd":false},{"ty":"gr","it":[{"ind":0,"ty":"sh","ix":1,"ks":{"a":0,"k":{"i":[[0,0],[0.027,-0.012],[0,0],[-4.223,-1.393]],"o":[[-3.528,-1.162],[0,0],[0.143,-0.059],[0,0]],"v":[[3.249,1.645],[-3.114,1.622],[-3.876,-0.229],[3.875,-0.252]],"c":true},"ix":2},"nm":"Path 1","mn":"ADBE Vector Shape - Group","hd":false},{"ty":"fl","c":{"a":0,"k":[0.219999994016,0.226999993418,0.270999983245,1],"ix":4},"o":{"a":0,"k":100,"ix":5},"r":1,"bm":0,"nm":"Fill 1","mn":"ADBE Vector Graphic - Fill","hd":false},{"ty":"tr","p":{"a":1,"k":[{"i":{"x":0.833,"y":0.833},"o":{"x":0.167,"y":0.167},"t":3,"s":[260.925,224.989],"to":[0.167,-0.5],"ti":[-0.167,0.5]},{"i":{"x":0.833,"y":0.833},"o":{"x":0.167,"y":0.167},"t":22,"s":[261.925,221.989],"to":[0,0],"ti":[0,0]},{"i":{"x":0.833,"y":0.833},"o":{"x":0.167,"y":0.167},"t":81,"s":[261.925,221.989],"to":[-0.167,0.5],"ti":[0.167,-0.5]},{"t":97,"s":[260.925,224.989]}],"ix":2},"a":{"a":0,"k":[0,0],"ix":1},"s":{"a":0,"k":[100,100],"ix":3},"r":{"a":0,"k":0,"ix":6},"o":{"a":0,"k":100,"ix":7},"sk":{"a":0,"k":0,"ix":4},"sa":{"a":0,"k":0,"ix":5},"nm":"Transform"}],"nm":"Group 10","np":4,"cix":2,"bm":0,"ix":6,"mn":"ADBE Vector Group","hd":false},{"ty":"gr","it":[{"ind":0,"ty":"sh","ix":1,"ks":{"a":1,"k":[{"i":{"x":0.833,"y":0.833},"o":{"x":0.167,"y":0.167},"t":3,"s":[{"i":[[0.805,-0.899],[0,0],[-5.265,0.176],[-3.549,-0.654],[0,0],[0.034,0],[0.993,-0.395]],"o":[[0,0],[0.244,-0.273],[1.698,-0.057],[0,0],[-0.748,-0.925],[-1.582,0],[-1.185,0.472]],"v":[[-6.919,3.218],[-7.961,1.757],[0.426,-1.693],[7.424,-0.732],[6.737,1.403],[0.094,0.373],[-3.395,1.456]],"c":true}]},{"i":{"x":0.833,"y":0.833},"o":{"x":0.167,"y":0.167},"t":22,"s":[{"i":[[0.712,-0.795],[0,0],[-5.116,-0.084],[-1.124,-1.39],[0,0],[0.034,0],[1.807,-1.331]],"o":[[0,0],[0.244,-0.273],[1.698,0.041],[0,0],[-0.748,-0.925],[-1.801,0],[-1.674,1.234]],"v":[[-6.215,3.99],[-7.706,2.657],[3.452,-3.906],[7.706,-1.75],[6.151,-0.492],[3.301,-1.908],[-2.403,0.567]],"c":true}]},{"i":{"x":0.833,"y":0.833},"o":{"x":0.167,"y":0.167},"t":81,"s":[{"i":[[0.712,-0.795],[0,0],[-5.116,-0.084],[-1.124,-1.39],[0,0],[0.034,0],[1.807,-1.331]],"o":[[0,0],[0.244,-0.273],[1.698,0.041],[0,0],[-0.748,-0.925],[-1.801,0],[-1.674,1.234]],"v":[[-6.215,3.99],[-7.706,2.657],[3.452,-3.906],[7.706,-1.75],[6.151,-0.492],[3.301,-1.908],[-2.403,0.567]],"c":true}]},{"t":97,"s":[{"i":[[0.805,-0.899],[0,0],[-5.265,0.176],[-3.549,-0.654],[0,0],[0.034,0],[0.993,-0.395]],"o":[[0,0],[0.244,-0.273],[1.698,-0.057],[0,0],[-0.748,-0.925],[-1.582,0],[-1.185,0.472]],"v":[[-6.919,3.218],[-7.961,1.757],[0.426,-1.693],[7.424,-0.732],[6.737,1.403],[0.094,0.373],[-3.396,1.456]],"c":true}]}],"ix":2},"nm":"Path 1","mn":"ADBE Vector Shape - Group","hd":false},{"ty":"fl","c":{"a":0,"k":[0.219999994016,0.226999993418,0.270999983245,1],"ix":4},"o":{"a":0,"k":100,"ix":5},"r":1,"bm":0,"nm":"Fill 1","mn":"ADBE Vector Graphic - Fill","hd":false},{"ty":"tr","p":{"a":0,"k":[260.592,219.362],"ix":2},"a":{"a":0,"k":[0,0],"ix":1},"s":{"a":0,"k":[100,100],"ix":3},"r":{"a":0,"k":0,"ix":6},"o":{"a":0,"k":100,"ix":7},"sk":{"a":0,"k":0,"ix":4},"sa":{"a":0,"k":0,"ix":5},"nm":"Transform"}],"nm":"Group 11","np":4,"cix":2,"bm":0,"ix":7,"mn":"ADBE Vector Group","hd":false},{"ty":"gr","it":[{"ind":0,"ty":"sh","ix":1,"ks":{"a":0,"k":{"i":[[0.329,10.462],[7.058,-1.443],[-2.18,-6.854]],"o":[[0,0],[-7.058,1.443],[2.179,6.855]],"v":[[12.822,5.681],[-0.472,-14.701],[-10.971,9.108]],"c":true},"ix":2},"nm":"Path 1","mn":"ADBE Vector Shape - Group","hd":false},{"ty":"fl","c":{"a":0,"k":[0.964999988032,0.736999990426,0.62400004069,1],"ix":4},"o":{"a":0,"k":100,"ix":5},"r":1,"bm":0,"nm":"Fill 1","mn":"ADBE Vector Graphic - Fill","hd":false},{"ty":"tr","p":{"a":0,"k":[260.62,224.178],"ix":2},"a":{"a":0,"k":[0,0],"ix":1},"s":{"a":0,"k":[100,100],"ix":3},"r":{"a":0,"k":0,"ix":6},"o":{"a":0,"k":100,"ix":7},"sk":{"a":0,"k":0,"ix":4},"sa":{"a":0,"k":0,"ix":5},"nm":"Transform"}],"nm":"Group 12","np":4,"cix":2,"bm":0,"ix":8,"mn":"ADBE Vector Group","hd":false},{"ty":"gr","it":[{"ind":0,"ty":"sh","ix":1,"ks":{"a":1,"k":[{"i":{"x":0.833,"y":0.833},"o":{"x":0.167,"y":0.167},"t":15,"s":[{"i":[[3.613,2.861],[-2.476,1.209],[-5.263,-0.349],[0,0],[2.648,0.206]],"o":[[0,0],[2.983,-1.457],[6.009,0.398],[0,0],[-4.622,-0.359]],"v":[[-10.948,1.747],[-7.724,-1.318],[5.699,-3.259],[11.192,2.528],[2.1,1.626]],"c":true}]},{"i":{"x":0.833,"y":0.833},"o":{"x":0.167,"y":0.167},"t":25,"s":[{"i":[[3.613,2.861],[-1.253,0.859],[-3.61,-2.03],[0,0],[0.943,-0.417]],"o":[[0,0],[3.59,-2.461],[5.249,2.952],[0,0],[-4.242,1.871]],"v":[[-10.948,3.136],[-8.907,1.666],[5.699,-3.259],[10.498,3.136],[2.1,1.626]],"c":true}]},{"i":{"x":0.833,"y":0.833},"o":{"x":0.167,"y":0.167},"t":84,"s":[{"i":[[3.613,2.861],[-1.253,0.859],[-3.61,-2.03],[0,0],[0.943,-0.417]],"o":[[0,0],[3.59,-2.461],[5.249,2.952],[0,0],[-4.242,1.871]],"v":[[-10.948,3.136],[-8.907,1.666],[5.699,-3.259],[10.498,3.136],[2.1,1.626]],"c":true}]},{"t":96,"s":[{"i":[[3.613,2.861],[-2.476,1.209],[-5.263,-0.349],[0,0],[2.648,0.206]],"o":[[0,0],[2.983,-1.457],[6.009,0.398],[0,0],[-4.622,-0.359]],"v":[[-10.948,1.747],[-7.724,-1.318],[5.699,-3.259],[11.192,2.528],[2.1,1.626]],"c":true}]}],"ix":2},"nm":"Path 1","mn":"ADBE Vector Shape - Group","hd":false},{"ty":"fl","c":{"a":0,"k":[0.219999994016,0.226999993418,0.270999983245,1],"ix":4},"o":{"a":0,"k":100,"ix":5},"r":1,"bm":0,"nm":"Fill 1","mn":"ADBE Vector Graphic - Fill","hd":false},{"ty":"tr","p":{"a":1,"k":[{"i":{"x":0.833,"y":0.833},"o":{"x":0.167,"y":0.167},"t":14,"s":[281.363,174.21],"to":[0,-1],"ti":[0,1]},{"i":{"x":0.833,"y":0.833},"o":{"x":0.167,"y":0.167},"t":24,"s":[281.363,168.21],"to":[0,0],"ti":[0,0]},{"i":{"x":0.833,"y":0.833},"o":{"x":0.167,"y":0.167},"t":84,"s":[281.363,168.21],"to":[0,1],"ti":[0,-1]},{"t":97,"s":[281.363,174.21]}],"ix":2},"a":{"a":0,"k":[0,0],"ix":1},"s":{"a":0,"k":[100,100],"ix":3},"r":{"a":0,"k":0,"ix":6},"o":{"a":0,"k":100,"ix":7},"sk":{"a":0,"k":0,"ix":4},"sa":{"a":0,"k":0,"ix":5},"nm":"Transform"}],"nm":"Group 13","np":4,"cix":2,"bm":0,"ix":9,"mn":"ADBE Vector Group","hd":false},{"ty":"gr","it":[{"ind":0,"ty":"sh","ix":1,"ks":{"a":0,"k":{"i":[[-15.509,-8.315],[4.288,-0.593],[1.225,-0.17]],"o":[[0,0],[-4.288,0.592],[-1.225,0.169]],"v":[[13.402,2.386],[5.808,5.336],[-12.177,5.654]],"c":true},"ix":2},"nm":"Path 1","mn":"ADBE Vector Shape - Group","hd":false},{"ty":"fl","c":{"a":0,"k":[0.219999994016,0.226999993418,0.270999983245,1],"ix":4},"o":{"a":0,"k":100,"ix":5},"r":1,"bm":0,"nm":"Fill 1","mn":"ADBE Vector Graphic - Fill","hd":false},{"ty":"tr","p":{"a":0,"k":[236.734,173.234],"ix":2},"a":{"a":0,"k":[0,0],"ix":1},"s":{"a":0,"k":[100,100],"ix":3},"r":{"a":1,"k":[{"i":{"x":[0.833],"y":[0.833]},"o":{"x":[0.167],"y":[0.167]},"t":12,"s":[-6]},{"i":{"x":[0.833],"y":[0.833]},"o":{"x":[0.167],"y":[0.167]},"t":24,"s":[-10]},{"i":{"x":[0.833],"y":[0.833]},"o":{"x":[0.167],"y":[0.167]},"t":84,"s":[-10]},{"t":96,"s":[-6]}],"ix":6},"o":{"a":0,"k":100,"ix":7},"sk":{"a":0,"k":0,"ix":4},"sa":{"a":0,"k":0,"ix":5},"nm":"Transform"}],"nm":"Group 14","np":4,"cix":2,"bm":0,"ix":10,"mn":"ADBE Vector Group","hd":false},{"ty":"gr","it":[{"ind":0,"ty":"sh","ix":1,"ks":{"a":0,"k":{"i":[[1.857,0],[0.435,0.157],[0.028,0.633],[0,0],[-5.038,-1.818],[-2.54,2.792],[0,0]],"o":[[-0.463,0],[-5.662,-2.044],[0,0],[0.007,0.149],[1.763,0.635],[0,0],[-2.275,2.498]],"v":[[0.783,8.939],[-0.564,8.705],[-6.998,-8.893],[-6,-8.939],[-0.224,7.764],[6.258,4.511],[6.998,5.184]],"c":true},"ix":2},"nm":"Path 1","mn":"ADBE Vector Shape - Group","hd":false},{"ty":"fl","c":{"a":0,"k":[0.328999986836,0.475,0.517999985639,1],"ix":4},"o":{"a":0,"k":100,"ix":5},"r":1,"bm":0,"nm":"Fill 1","mn":"ADBE Vector Graphic - Fill","hd":false},{"ty":"tr","p":{"a":0,"k":[306.438,167.929],"ix":2},"a":{"a":0,"k":[0,0],"ix":1},"s":{"a":0,"k":[100,100],"ix":3},"r":{"a":0,"k":0,"ix":6},"o":{"a":0,"k":100,"ix":7},"sk":{"a":0,"k":0,"ix":4},"sa":{"a":0,"k":0,"ix":5},"nm":"Transform"}],"nm":"Group 15","np":4,"cix":2,"bm":0,"ix":11,"mn":"ADBE Vector Group","hd":false},{"ty":"gr","it":[{"ind":0,"ty":"sh","ix":1,"ks":{"a":0,"k":{"i":[[0.18,-0.001],[0,0],[-4.235,2.148],[-0.028,7.022],[0,0]],"o":[[0,0],[0.043,0],[5.622,-2.852],[0,0],[-0.072,17.743]],"v":[[-9.038,9.045],[-9.046,8.045],[-0.469,5.834],[8.047,-9.045],[9.047,-9.041]],"c":true},"ix":2},"nm":"Path 1","mn":"ADBE Vector Shape - Group","hd":false},{"ty":"fl","c":{"a":0,"k":[0.328999986836,0.475,0.517999985639,1],"ix":4},"o":{"a":0,"k":100,"ix":5},"r":1,"bm":0,"nm":"Fill 1","mn":"ADBE Vector Graphic - Fill","hd":false},{"ty":"tr","p":{"a":0,"k":[208.519,164.23],"ix":2},"a":{"a":0,"k":[0,0],"ix":1},"s":{"a":0,"k":[100,100],"ix":3},"r":{"a":0,"k":0,"ix":6},"o":{"a":0,"k":100,"ix":7},"sk":{"a":0,"k":0,"ix":4},"sa":{"a":0,"k":0,"ix":5},"nm":"Transform"}],"nm":"Group 16","np":4,"cix":2,"bm":0,"ix":12,"mn":"ADBE Vector Group","hd":false},{"ty":"gr","it":[{"ind":0,"ty":"sh","ix":1,"ks":{"a":0,"k":{"i":[[0.286,-0.009],[0,0],[-4.104,4.98],[1.062,6.688],[0,0],[3.209,-3.888]],"o":[[0,0],[0.066,-0.002],[3.013,-3.657],[0,0],[1.11,6.989],[-4.398,5.328]],"v":[[-7.843,11.007],[-7.878,10.008],[2.84,4.741],[5.781,-10.849],[6.768,-11.007],[3.604,5.386]],"c":true},"ix":2},"nm":"Path 1","mn":"ADBE Vector Shape - Group","hd":false},{"ty":"fl","c":{"a":0,"k":[0.328999986836,0.475,0.517999985639,1],"ix":4},"o":{"a":0,"k":100,"ix":5},"r":1,"bm":0,"nm":"Fill 1","mn":"ADBE Vector Graphic - Fill","hd":false},{"ty":"tr","p":{"a":0,"k":[211.888,168.751],"ix":2},"a":{"a":0,"k":[0,0],"ix":1},"s":{"a":0,"k":[100,100],"ix":3},"r":{"a":0,"k":0,"ix":6},"o":{"a":0,"k":100,"ix":7},"sk":{"a":0,"k":0,"ix":4},"sa":{"a":0,"k":0,"ix":5},"nm":"Transform"}],"nm":"Group 17","np":4,"cix":2,"bm":0,"ix":13,"mn":"ADBE Vector Group","hd":false},{"ty":"gr","it":[{"ind":0,"ty":"sh","ix":1,"ks":{"a":0,"k":{"i":[[-12.44,15.311],[-13.029,-3.908],[-17.047,9.292],[43.972,-1.954]],"o":[[0,0],[13.028,3.909],[0,0],[-43.973,1.954]],"v":[[-32.813,14.056],[-5.126,-6.79],[45.253,17.811],[0.093,-27.414]],"c":true},"ix":2},"nm":"Path 1","mn":"ADBE Vector Shape - Group","hd":false},{"ty":"fl","c":{"a":0,"k":[0.219999994016,0.226999993418,0.270999983245,1],"ix":4},"o":{"a":0,"k":100,"ix":5},"r":1,"bm":0,"nm":"Fill 1","mn":"ADBE Vector Graphic - Fill","hd":false},{"ty":"tr","p":{"a":0,"k":[256.65,145.441],"ix":2},"a":{"a":0,"k":[0,0],"ix":1},"s":{"a":0,"k":[100,100],"ix":3},"r":{"a":0,"k":0,"ix":6},"o":{"a":0,"k":100,"ix":7},"sk":{"a":0,"k":0,"ix":4},"sa":{"a":0,"k":0,"ix":5},"nm":"Transform"}],"nm":"Group 19","np":4,"cix":2,"bm":0,"ix":14,"mn":"ADBE Vector Group","hd":false},{"ty":"gr","it":[{"ind":0,"ty":"sh","ix":1,"ks":{"a":0,"k":{"i":[[23.327,-38.345],[-12.445,-2.164],[-30.719,6.639],[10.132,8.058]],"o":[[0,0],[12.446,2.165],[0,0],[-10.132,-8.058]],"v":[[-36.154,13.112],[-11.05,1.945],[36.154,18.594],[8.066,3.681]],"c":true},"ix":2},"nm":"Path 1","mn":"ADBE Vector Shape - Group","hd":false},{"ty":"fl","c":{"a":0,"k":[0.913999968884,0.579999976065,0.435000011968,1],"ix":4},"o":{"a":0,"k":100,"ix":5},"r":1,"bm":0,"nm":"Fill 1","mn":"ADBE Vector Graphic - Fill","hd":false},{"ty":"tr","p":{"a":0,"k":[259.991,146.385],"ix":2},"a":{"a":0,"k":[0,0],"ix":1},"s":{"a":0,"k":[100,100],"ix":3},"r":{"a":0,"k":0,"ix":6},"o":{"a":0,"k":100,"ix":7},"sk":{"a":0,"k":0,"ix":4},"sa":{"a":0,"k":0,"ix":5},"nm":"Transform"}],"nm":"Group 20","np":4,"cix":2,"bm":0,"ix":15,"mn":"ADBE Vector Group","hd":false},{"ty":"gr","it":[{"ind":0,"ty":"sh","ix":1,"ks":{"a":0,"k":{"i":[[0.56,-8.704],[0,0],[-2.499,1.081],[-0.603,-0.499],[0,0],[0.744,-0.333]],"o":[[0,0],[0.472,-7.337],[1.492,-0.647],[0,0],[-0.029,-0.023],[-0.775,0.346]],"v":[[-1.97,6.643],[-3.966,6.514],[0.448,-5.996],[3.966,-5.473],[2.702,-3.924],[1.227,-4.153]],"c":true},"ix":2},"nm":"Path 1","mn":"ADBE Vector Shape - Group","hd":false},{"ty":"fl","c":{"a":0,"k":[0.219999994016,0.226999993418,0.270999983245,1],"ix":4},"o":{"a":0,"k":100,"ix":5},"r":1,"bm":0,"nm":"Fill 1","mn":"ADBE Vector Graphic - Fill","hd":false},{"ty":"tr","p":{"a":0,"k":[307.509,197.801],"ix":2},"a":{"a":0,"k":[0,0],"ix":1},"s":{"a":0,"k":[100,100],"ix":3},"r":{"a":0,"k":0,"ix":6},"o":{"a":0,"k":100,"ix":7},"sk":{"a":0,"k":0,"ix":4},"sa":{"a":0,"k":0,"ix":5},"nm":"Transform"}],"nm":"Group 21","np":4,"cix":2,"bm":0,"ix":16,"mn":"ADBE Vector Group","hd":false},{"ty":"gr","it":[{"ind":0,"ty":"sh","ix":1,"ks":{"a":0,"k":{"i":[[0,0],[0.775,0.346],[0.03,-0.023],[0,0],[-1.498,-0.647],[-0.472,-7.337]],"o":[[-0.559,-8.704],[-0.747,-0.332],[0,0],[0.603,-0.499],[2.499,1.081],[0,0]],"v":[[1.971,6.643],[-1.226,-4.153],[-2.703,-3.924],[-3.967,-5.473],[-0.447,-5.996],[3.967,6.514]],"c":true},"ix":2},"nm":"Path 1","mn":"ADBE Vector Shape - Group","hd":false},{"ty":"fl","c":{"a":0,"k":[0.219999994016,0.226999993418,0.270999983245,1],"ix":4},"o":{"a":0,"k":100,"ix":5},"r":1,"bm":0,"nm":"Fill 1","mn":"ADBE Vector Graphic - Fill","hd":false},{"ty":"tr","p":{"a":0,"k":[208.982,197.801],"ix":2},"a":{"a":0,"k":[0,0],"ix":1},"s":{"a":0,"k":[100,100],"ix":3},"r":{"a":0,"k":0,"ix":6},"o":{"a":0,"k":100,"ix":7},"sk":{"a":0,"k":0,"ix":4},"sa":{"a":0,"k":0,"ix":5},"nm":"Transform"}],"nm":"Group 22","np":4,"cix":2,"bm":0,"ix":17,"mn":"ADBE Vector Group","hd":false},{"ty":"gr","it":[{"ind":0,"ty":"sh","ix":1,"ks":{"a":0,"k":{"i":[[0,-2.878],[2.878,0],[0,2.878],[-2.878,0]],"o":[[0,2.878],[-2.878,0],[0,-2.878],[2.878,0]],"v":[[5.212,0],[0,5.211],[-5.212,0],[0,-5.211]],"c":true},"ix":2},"nm":"Path 1","mn":"ADBE Vector Shape - Group","hd":false},{"ty":"fl","c":{"a":0,"k":[0.913999968884,0.579999976065,0.435000011968,1],"ix":4},"o":{"a":0,"k":100,"ix":5},"r":1,"bm":0,"nm":"Fill 1","mn":"ADBE Vector Graphic - Fill","hd":false},{"ty":"tr","p":{"a":0,"k":[286.354,202.004],"ix":2},"a":{"a":0,"k":[0,0],"ix":1},"s":{"a":0,"k":[100,100],"ix":3},"r":{"a":0,"k":0,"ix":6},"o":{"a":0,"k":100,"ix":7},"sk":{"a":0,"k":0,"ix":4},"sa":{"a":0,"k":0,"ix":5},"nm":"Transform"}],"nm":"Group 23","np":4,"cix":2,"bm":0,"ix":18,"mn":"ADBE Vector Group","hd":false},{"ty":"gr","it":[{"ind":0,"ty":"sh","ix":1,"ks":{"a":0,"k":{"i":[[0,-2.878],[2.879,0],[0,2.878],[-2.878,0]],"o":[[0,2.878],[-2.878,0],[0,-2.878],[2.879,0]],"v":[[5.212,0],[-0.001,5.211],[-5.212,0],[-0.001,-5.211]],"c":true},"ix":2},"nm":"Path 1","mn":"ADBE Vector Shape - Group","hd":false},{"ty":"fl","c":{"a":0,"k":[0.913999968884,0.579999976065,0.435000011968,1],"ix":4},"o":{"a":0,"k":100,"ix":5},"r":1,"bm":0,"nm":"Fill 1","mn":"ADBE Vector Graphic - Fill","hd":false},{"ty":"tr","p":{"a":0,"k":[233.827,202.004],"ix":2},"a":{"a":0,"k":[0,0],"ix":1},"s":{"a":0,"k":[100,100],"ix":3},"r":{"a":0,"k":0,"ix":6},"o":{"a":0,"k":100,"ix":7},"sk":{"a":0,"k":0,"ix":4},"sa":{"a":0,"k":0,"ix":5},"nm":"Transform"}],"nm":"Group 24","np":4,"cix":2,"bm":0,"ix":19,"mn":"ADBE Vector Group","hd":false},{"ty":"gr","it":[{"ind":0,"ty":"sh","ix":1,"ks":{"a":0,"k":{"i":[[0.359,-0.001],[0.102,0.022],[0.302,1.365],[0,0],[-1.129,-0.836],[1.148,8.231],[0,0],[1.971,-1.832]],"o":[[-0.101,0],[-3.09,-0.662],[0,0],[0.666,3],[0.643,-2.229],[0,0],[1.038,7.451],[-0.276,0.257]],"v":[[1.204,11.225],[0.9,11.192],[-4.157,2.32],[-2.204,1.887],[0.942,9.051],[-0.311,-10.948],[1.671,-11.225],[2.186,10.831]],"c":true},"ix":2},"nm":"Path 1","mn":"ADBE Vector Shape - Group","hd":false},{"ty":"fl","c":{"a":0,"k":[0.219999994016,0.226999993418,0.270999983245,1],"ix":4},"o":{"a":0,"k":100,"ix":5},"r":1,"bm":0,"nm":"Fill 1","mn":"ADBE Vector Graphic - Fill","hd":false},{"ty":"tr","p":{"a":0,"k":[260.653,192.773],"ix":2},"a":{"a":0,"k":[0,0],"ix":1},"s":{"a":0,"k":[100,100],"ix":3},"r":{"a":0,"k":0,"ix":6},"o":{"a":0,"k":100,"ix":7},"sk":{"a":0,"k":0,"ix":4},"sa":{"a":0,"k":0,"ix":5},"nm":"Transform"}],"nm":"Group 25","np":4,"cix":2,"bm":0,"ix":20,"mn":"ADBE Vector Group","hd":false},{"ty":"gr","it":[{"ind":0,"ty":"sh","ix":1,"ks":{"a":0,"k":{"i":[[0,-2.039],[2.039,0],[0,2.039],[-2.038,0]],"o":[[0,2.039],[-2.038,0],[0,-2.039],[2.039,0]],"v":[[3.692,-0.001],[0,3.691],[-3.692,-0.001],[0,-3.691]],"c":true},"ix":2},"nm":"Path 1","mn":"ADBE Vector Shape - Group","hd":false},{"ty":"fl","c":{"a":0,"k":[0.219999994016,0.226999993418,0.270999983245,1],"ix":4},"o":{"a":0,"k":100,"ix":5},"r":1,"bm":0,"nm":"Fill 1","mn":"ADBE Vector Graphic - Fill","hd":false},{"ty":"tr","p":{"a":1,"k":[{"i":{"x":0.833,"y":0.833},"o":{"x":0.167,"y":0.167},"t":10,"s":[283.363,182.95],"to":[0,-0.667],"ti":[0,0.667]},{"i":{"x":0.833,"y":0.833},"o":{"x":0.167,"y":0.167},"t":20,"s":[283.363,178.95],"to":[0,0],"ti":[0,0]},{"i":{"x":0.833,"y":0.833},"o":{"x":0.167,"y":0.167},"t":83,"s":[283.363,178.95],"to":[0,0.667],"ti":[0,-0.667]},{"t":96,"s":[283.363,182.95]}],"ix":2},"a":{"a":0,"k":[0,0],"ix":1},"s":{"a":0,"k":[100,100],"ix":3},"r":{"a":0,"k":0,"ix":6},"o":{"a":0,"k":100,"ix":7},"sk":{"a":0,"k":0,"ix":4},"sa":{"a":0,"k":0,"ix":5},"nm":"Transform"}],"nm":"Group 26","np":4,"cix":2,"bm":0,"ix":21,"mn":"ADBE Vector Group","hd":false},{"ty":"gr","it":[{"ind":0,"ty":"sh","ix":1,"ks":{"a":0,"k":{"i":[[0,-2.039],[2.039,0],[0,2.039],[-2.039,0]],"o":[[0,2.039],[-2.039,0],[0,-2.039],[2.039,0]],"v":[[3.691,0],[0,3.691],[-3.692,0],[0,-3.691]],"c":true},"ix":2},"nm":"Path 1","mn":"ADBE Vector Shape - Group","hd":false},{"ty":"fl","c":{"a":0,"k":[0.219999994016,0.226999993418,0.270999983245,1],"ix":4},"o":{"a":0,"k":100,"ix":5},"r":1,"bm":0,"nm":"Fill 1","mn":"ADBE Vector Graphic - Fill","hd":false},{"ty":"tr","p":{"a":1,"k":[{"i":{"x":0.833,"y":0.833},"o":{"x":0.167,"y":0.167},"t":10,"s":[240.992,185.583],"to":[0,-0.333],"ti":[0,0.333]},{"i":{"x":0.833,"y":0.833},"o":{"x":0.167,"y":0.167},"t":20,"s":[240.992,183.583],"to":[0,0],"ti":[0,0]},{"i":{"x":0.833,"y":0.833},"o":{"x":0.167,"y":0.167},"t":83,"s":[240.992,183.583],"to":[0,0.333],"ti":[0,-0.333]},{"t":96,"s":[240.992,185.583]}],"ix":2},"a":{"a":0,"k":[0,0],"ix":1},"s":{"a":0,"k":[100,100],"ix":3},"r":{"a":0,"k":0,"ix":6},"o":{"a":0,"k":100,"ix":7},"sk":{"a":0,"k":0,"ix":4},"sa":{"a":0,"k":0,"ix":5},"nm":"Transform"}],"nm":"Group 27","np":4,"cix":2,"bm":0,"ix":22,"mn":"ADBE Vector Group","hd":false},{"ty":"gr","it":[{"ind":0,"ty":"sh","ix":1,"ks":{"a":0,"k":{"i":[[-3.909,-4.343],[-16.068,-14.332],[-16.582,0.638],[-16.872,18.405],[0,0],[0,0],[52.99,-3.833],[-4.649,9.581]],"o":[[0,0],[16.07,14.332],[11.292,-0.434],[11.039,-12.041],[0,0],[0,0],[-54.044,3.908],[0,0]],"v":[[-37.595,-44.388],[-31.407,17.826],[-0.137,0.248],[32.964,10.733],[32.711,-48.699],[42.2,-42.433],[0.527,44.823],[-47.596,-44.062]],"c":true},"ix":2},"nm":"Path 1","mn":"ADBE Vector Shape - Group","hd":false},{"ty":"fl","c":{"a":0,"k":[0.219999994016,0.226999993418,0.270999983245,1],"ix":4},"o":{"a":0,"k":100,"ix":5},"r":1,"bm":0,"nm":"Fill 1","mn":"ADBE Vector Graphic - Fill","hd":false},{"ty":"tr","p":{"a":0,"k":[261.432,203.885],"ix":2},"a":{"a":0,"k":[0,0],"ix":1},"s":{"a":0,"k":[100,100],"ix":3},"r":{"a":0,"k":0,"ix":6},"o":{"a":0,"k":100,"ix":7},"sk":{"a":0,"k":0,"ix":4},"sa":{"a":0,"k":0,"ix":5},"nm":"Transform"}],"nm":"Group 28","np":4,"cix":2,"bm":0,"ix":23,"mn":"ADBE Vector Group","hd":false},{"ty":"gr","it":[{"ind":0,"ty":"sh","ix":1,"ks":{"a":0,"k":{"i":[[1.043,-13.014],[-10.379,14.768],[-0.868,1.737],[0,0],[0,0]],"o":[[0,0],[0,0],[0.869,-1.737],[0,0],[0,0]],"v":[[-13.723,10.186],[16.466,1.554],[20.412,-14.584],[19.544,-12.847],[-21.281,-12.847]],"c":true},"ix":2},"nm":"Path 1","mn":"ADBE Vector Shape - Group","hd":false},{"ty":"fl","c":{"a":0,"k":[0.913999968884,0.579999976065,0.435000011968,1],"ix":4},"o":{"a":0,"k":100,"ix":5},"r":1,"bm":0,"nm":"Fill 1","mn":"ADBE Vector Graphic - Fill","hd":false},{"ty":"tr","p":{"a":0,"k":[259.015,250.519],"ix":2},"a":{"a":0,"k":[0,0],"ix":1},"s":{"a":0,"k":[100,100],"ix":3},"r":{"a":0,"k":0,"ix":6},"o":{"a":0,"k":100,"ix":7},"sk":{"a":0,"k":0,"ix":4},"sa":{"a":0,"k":0,"ix":5},"nm":"Transform"}],"nm":"Group 29","np":4,"cix":2,"bm":0,"ix":24,"mn":"ADBE Vector Group","hd":false},{"ty":"gr","it":[{"ind":0,"ty":"sh","ix":1,"ks":{"a":0,"k":{"i":[[1.262,-5.617],[-5.757,0],[0,5.757],[5.757,0]],"o":[[-1.628,7.255],[5.757,0],[0,-5.756],[-5.757,0]],"v":[[-9.609,-3.421],[-5.47,13.843],[11.238,-3.421],[0.815,-13.843]],"c":true},"ix":2},"nm":"Path 1","mn":"ADBE Vector Shape - Group","hd":false},{"ty":"fl","c":{"a":0,"k":[0.964999988032,0.736999990426,0.62400004069,1],"ix":4},"o":{"a":0,"k":100,"ix":5},"r":1,"bm":0,"nm":"Fill 1","mn":"ADBE Vector Graphic - Fill","hd":false},{"ty":"tr","p":{"a":0,"k":[307.341,196.793],"ix":2},"a":{"a":0,"k":[0,0],"ix":1},"s":{"a":0,"k":[100,100],"ix":3},"r":{"a":0,"k":0,"ix":6},"o":{"a":0,"k":100,"ix":7},"sk":{"a":0,"k":0,"ix":4},"sa":{"a":0,"k":0,"ix":5},"nm":"Transform"}],"nm":"Group 30","np":4,"cix":2,"bm":0,"ix":25,"mn":"ADBE Vector Group","hd":false},{"ty":"gr","it":[{"ind":0,"ty":"sh","ix":1,"ks":{"a":0,"k":{"i":[[-1.261,-5.617],[5.756,0],[0,5.757],[-5.757,0]],"o":[[1.628,7.255],[-5.757,0],[0,-5.756],[5.756,0]],"v":[[9.61,-3.421],[5.472,13.843],[-11.237,-3.421],[-0.813,-13.843]],"c":true},"ix":2},"nm":"Path 1","mn":"ADBE Vector Shape - Group","hd":false},{"ty":"fl","c":{"a":0,"k":[0.964999988032,0.736999990426,0.62400004069,1],"ix":4},"o":{"a":0,"k":100,"ix":5},"r":1,"bm":0,"nm":"Fill 1","mn":"ADBE Vector Graphic - Fill","hd":false},{"ty":"tr","p":{"a":0,"k":[210.319,196.793],"ix":2},"a":{"a":0,"k":[0,0],"ix":1},"s":{"a":0,"k":[100,100],"ix":3},"r":{"a":0,"k":0,"ix":6},"o":{"a":0,"k":100,"ix":7},"sk":{"a":0,"k":0,"ix":4},"sa":{"a":0,"k":0,"ix":5},"nm":"Transform"}],"nm":"Group 31","np":4,"cix":2,"bm":0,"ix":26,"mn":"ADBE Vector Group","hd":false},{"ty":"gr","it":[{"ind":0,"ty":"sh","ix":1,"ks":{"a":0,"k":{"i":[[0,0],[-48.856,14.656],[24.694,32.107],[-19.08,-35.911],[8.469,-24.755],[-18.894,-8.269],[-4.342,-4.053],[-0.837,-2.375],[0,0]],"o":[[0,0],[48.857,-14.657],[-44.075,-57.307],[38.861,73.14],[-8.354,24.419],[4.175,1.827],[8.294,7.743],[2.775,7.873],[0,0]],"v":[[-5.195,63.167],[-48.233,48.247],[-30.645,-26.816],[28.96,-107.117],[22.062,-4.48],[35.646,37.488],[39.547,51.245],[38.176,52.238],[30.087,61.778]],"c":true},"ix":2},"nm":"Path 1","mn":"ADBE Vector Shape - Group","hd":false},{"ty":"fl","c":{"a":0,"k":[0.964999988032,0.736999990426,0.62400004069,1],"ix":4},"o":{"a":0,"k":100,"ix":5},"r":1,"bm":0,"nm":"Fill 1","mn":"ADBE Vector Graphic - Fill","hd":false},{"ty":"tr","p":{"a":0,"k":[257.149,243.455],"ix":2},"a":{"a":0,"k":[0,0],"ix":1},"s":{"a":0,"k":[100,100],"ix":3},"r":{"a":0,"k":0,"ix":6},"o":{"a":0,"k":100,"ix":7},"sk":{"a":0,"k":0,"ix":4},"sa":{"a":0,"k":0,"ix":5},"nm":"Transform"}],"nm":"Group 33","np":4,"cix":2,"bm":0,"ix":27,"mn":"ADBE Vector Group","hd":false},{"ty":"gr","it":[{"ind":0,"ty":"sh","ix":1,"ks":{"a":0,"k":{"i":[[0,-9.714],[-9.714,0],[0,9.714],[9.715,0]],"o":[[0,9.714],[9.715,0],[0,-9.714],[-9.714,0]],"v":[[-17.59,0],[-0.001,17.589],[17.589,0],[-0.001,-17.589]],"c":true},"ix":2},"nm":"Path 1","mn":"ADBE Vector Shape - Group","hd":false},{"ty":"fl","c":{"a":0,"k":[0.219999994016,0.226999993418,0.270999983245,1],"ix":4},"o":{"a":0,"k":100,"ix":5},"r":1,"bm":0,"nm":"Fill 1","mn":"ADBE Vector Graphic - Fill","hd":false},{"ty":"tr","p":{"a":0,"k":[296.8,172.776],"ix":2},"a":{"a":0,"k":[0,0],"ix":1},"s":{"a":0,"k":[100,100],"ix":3},"r":{"a":0,"k":0,"ix":6},"o":{"a":0,"k":100,"ix":7},"sk":{"a":0,"k":0,"ix":4},"sa":{"a":0,"k":0,"ix":5},"nm":"Transform"}],"nm":"Group 34","np":4,"cix":2,"bm":0,"ix":28,"mn":"ADBE Vector Group","hd":false},{"ty":"gr","it":[{"ind":0,"ty":"sh","ix":1,"ks":{"a":0,"k":{"i":[[0,-9.714],[-9.714,0],[0,9.714],[9.715,0]],"o":[[0,9.714],[9.715,0],[0,-9.714],[-9.714,0]],"v":[[-17.59,0],[-0.001,17.589],[17.589,0],[-0.001,-17.589]],"c":true},"ix":2},"nm":"Path 1","mn":"ADBE Vector Shape - Group","hd":false},{"ty":"fl","c":{"a":0,"k":[0.219999994016,0.226999993418,0.270999983245,1],"ix":4},"o":{"a":0,"k":100,"ix":5},"r":1,"bm":0,"nm":"Fill 1","mn":"ADBE Vector Graphic - Fill","hd":false},{"ty":"tr","p":{"a":0,"k":[217.066,172.776],"ix":2},"a":{"a":0,"k":[0,0],"ix":1},"s":{"a":0,"k":[100,100],"ix":3},"r":{"a":0,"k":0,"ix":6},"o":{"a":0,"k":100,"ix":7},"sk":{"a":0,"k":0,"ix":4},"sa":{"a":0,"k":0,"ix":5},"nm":"Transform"}],"nm":"Group 35","np":4,"cix":2,"bm":0,"ix":29,"mn":"ADBE Vector Group","hd":false}],"ip":0,"op":98,"st":0,"bm":0}],"markers":[]}